time,funding
2020-02-05 00:00:00.002000+00:00,0.0001
2020-02-05 08:00:00+00:00,0.0001
2020-02-05 16:00:00+00:00,0.00043339
2020-02-06 00:00:00+00:00,0.0002082
2020-02-06 08:00:00+00:00,0.00080653
2020-02-06 16:00:00+00:00,0.00230612
2020-02-07 00:00:00+00:00,0.00294495
2020-02-07 08:00:00+00:00,0.00157251
2020-02-07 16:00:00.001000+00:00,0.00407061
2020-02-08 00:00:00+00:00,0.00279491
2020-02-08 08:00:00+00:00,0.00133546
2020-02-08 16:00:00+00:00,0.00216647
2020-02-09 00:00:00+00:00,0.00258652
2020-02-09 08:00:00+00:00,0.00203331
2020-02-09 16:00:00+00:00,0.00232274
2020-02-10 00:00:00+00:00,0.00167637
2020-02-10 08:00:00+00:00,0.00087709
2020-02-10 16:00:00.009000+00:00,0.00170397
2020-02-11 00:00:00+00:00,0.00187233
2020-02-11 08:00:00+00:00,0.0016362
2020-02-11 16:00:00+00:00,0.00107205
2020-02-12 00:00:00+00:00,0.00189552
2020-02-12 08:00:00.001000+00:00,0.00357992
2020-02-12 16:00:00+00:00,0.00205988
2020-02-13 00:00:00.001000+00:00,0.00215033
2020-02-13 08:00:00+00:00,0.00307153
2020-02-13 16:00:00+00:00,0.00032779
2020-02-14 00:00:00+00:00,0.00016377
2020-02-14 08:00:00+00:00,0.0001
2020-02-14 16:00:00+00:00,0.00116953
2020-02-15 00:00:00+00:00,0.00266854
2020-02-15 08:00:00+00:00,0.00189436
2020-02-15 16:00:00+00:00,0.00228777
2020-02-16 00:00:00+00:00,0.00012316
2020-02-16 08:00:00+00:00,0.0001
2020-02-16 16:00:00+00:00,0.0001
2020-02-17 00:00:00+00:00,0.0001
2020-02-17 08:00:00+00:00,0.0001
2020-02-17 16:00:00+00:00,0.0001
2020-02-18 00:00:00+00:00,0.0001
2020-02-18 08:00:00+00:00,0.0001
2020-02-18 16:00:00+00:00,0.00014757
2020-02-19 00:00:00+00:00,0.00126202
2020-02-19 08:00:00.001000+00:00,0.00125256
2020-02-19 16:00:00+00:00,0.00158252
2020-02-20 00:00:00.004000+00:00,0.00040562
2020-02-20 08:00:00+00:00,0.0001
2020-02-20 16:00:00+00:00,0.0001
2020-02-21 00:00:00+00:00,0.00018372
2020-02-21 08:00:00+00:00,0.0001
2020-02-21 16:00:00+00:00,0.00082904
2020-02-22 00:00:00+00:00,0.0001
2020-02-22 08:00:00.001000+00:00,0.0001
2020-02-22 16:00:00+00:00,0.00022003
2020-02-23 00:00:00+00:00,0.0001
2020-02-23 08:00:00+00:00,0.00047539
2020-02-23 16:00:00+00:00,0.00051094
2020-02-24 00:00:00.015000+00:00,0.00064695
2020-02-24 08:00:00+00:00,0.00080841
2020-02-24 16:00:00+00:00,0.00075726
2020-02-25 00:00:00.001000+00:00,0.00026112
2020-02-25 08:00:00+00:00,0.0001
2020-02-25 16:00:00.001000+00:00,0.00022717
2020-02-26 00:00:00+00:00,0.00033159
2020-02-26 08:00:00.001000+00:00,0.0001
2020-02-26 16:00:00+00:00,0.0001
2020-02-27 00:00:00.001000+00:00,0.0001
2020-02-27 08:00:00.001000+00:00,0.0001
2020-02-27 16:00:00+00:00,0.0001
2020-02-28 00:00:00+00:00,0.0001
2020-02-28 08:00:00+00:00,0.0001
2020-02-28 16:00:00+00:00,0.00010128
2020-02-29 00:00:00+00:00,0.00046544
2020-02-29 08:00:00+00:00,0.00065467
2020-02-29 16:00:00+00:00,0.00015666
2020-03-01 00:00:00+00:00,0.0001
2020-03-01 08:00:00+00:00,0.00012782
2020-03-01 16:00:00.001000+00:00,0.0001
2020-03-02 00:00:00+00:00,0.0001
2020-03-02 08:00:00+00:00,0.0001
2020-03-02 16:00:00.004000+00:00,0.0001
2020-03-03 00:00:00+00:00,0.0001
2020-03-03 08:00:00.003000+00:00,0.00021947
2020-03-03 16:00:00+00:00,0.0001
2020-03-04 00:00:00.002000+00:00,0.0001
2020-03-04 08:00:00+00:00,0.0001
2020-03-04 16:00:00.001000+00:00,0.0001
2020-03-05 00:00:00+00:00,0.0001
2020-03-05 08:00:00+00:00,0.00045193
2020-03-05 16:00:00+00:00,0.00023215
2020-03-06 00:00:00.003000+00:00,0.0001
2020-03-06 08:00:00+00:00,0.00025137
2020-03-06 16:00:00+00:00,0.00027392
2020-03-07 00:00:00+00:00,0.00038348
2020-03-07 08:00:00.001000+00:00,0.0001
2020-03-07 16:00:00+00:00,0.0001
2020-03-08 00:00:00.001000+00:00,0.0001
2020-03-08 08:00:00+00:00,0.00020118
2020-03-08 16:00:00.006000+00:00,0.00020187
2020-03-09 00:00:00+00:00,0.0001
2020-03-09 08:00:00+00:00,0.0001
2020-03-09 16:00:00+00:00,0.0001
2020-03-10 00:00:00+00:00,-2.03e-05
2020-03-10 08:00:00+00:00,0.0001
2020-03-10 16:00:00+00:00,0.0001
2020-03-11 00:00:00.001000+00:00,0.0001
2020-03-11 08:00:00+00:00,0.0001
2020-03-11 16:00:00+00:00,0.0001
2020-03-12 00:00:00.001000+00:00,0.00011806
2020-03-12 08:00:00.001000+00:00,0.0001
2020-03-12 16:00:00+00:00,0.0001
2020-03-13 00:00:00+00:00,0.0001
2020-03-13 08:00:00+00:00,0.0001
2020-03-13 16:00:00.002000+00:00,0.0001
2020-03-14 00:00:00+00:00,0.0001
2020-03-14 08:00:00.001000+00:00,0.0001
2020-03-14 16:00:00+00:00,0.0001
2020-03-15 00:00:00+00:00,0.0001
2020-03-15 08:00:00+00:00,0.00021418
2020-03-15 16:00:00.001000+00:00,0.0001
2020-03-16 00:00:00+00:00,0.0001
2020-03-16 08:00:00+00:00,-0.00029508
2020-03-16 16:00:00.001000+00:00,-0.00033908
2020-03-17 00:00:00+00:00,-0.00013533
2020-03-17 08:00:00+00:00,0.0001
2020-03-17 16:00:00+00:00,0.0001
2020-03-18 00:00:00+00:00,0.0001
2020-03-18 08:00:00+00:00,0.0001
2020-03-18 16:00:00+00:00,-0.00029849
2020-03-19 00:00:00+00:00,0.0001
2020-03-19 08:00:00+00:00,0.0001
2020-03-19 16:00:00+00:00,9.729e-05
2020-03-20 00:00:00+00:00,0.0001
2020-03-20 08:00:00+00:00,0.0001
2020-03-20 16:00:00+00:00,0.0001
2020-03-21 00:00:00+00:00,7.341e-05
2020-03-21 08:00:00+00:00,-0.0013623
2020-03-21 16:00:00+00:00,0.0001
2020-03-22 00:00:00+00:00,6.627e-05
2020-03-22 08:00:00.001000+00:00,-0.0013433
2020-03-22 16:00:00+00:00,-1.646e-05
2020-03-23 00:00:00+00:00,7.99e-06
2020-03-23 08:00:00+00:00,0.0001
2020-03-23 16:00:00+00:00,0.0001
2020-03-24 00:00:00+00:00,0.0001
2020-03-24 08:00:00+00:00,0.0001
2020-03-24 16:00:00+00:00,-8.197e-05
2020-03-25 00:00:00+00:00,0.0001
2020-03-25 08:00:00+00:00,0.0001
2020-03-25 16:00:00.001000+00:00,1.265e-05
2020-03-26 00:00:00.006000+00:00,-0.0010739
2020-03-26 08:00:00.002000+00:00,-0.00099002
2020-03-26 16:00:00+00:00,-0.00023004
2020-03-27 00:00:00+00:00,0.0001
2020-03-27 08:00:00+00:00,-0.00035655
2020-03-27 16:00:00+00:00,0.0001
2020-03-28 00:00:00+00:00,0.0001
2020-03-28 08:00:00+00:00,0.0001
2020-03-28 16:00:00+00:00,0.0001
2020-03-29 00:00:00+00:00,-0.00096831
2020-03-29 08:00:00.001000+00:00,-0.00107588
2020-03-29 16:00:00+00:00,-0.00044729
2020-03-30 00:00:00+00:00,-0.00030109
2020-03-30 08:00:00+00:00,0.0001
2020-03-30 16:00:00+00:00,0.0001
2020-03-31 00:00:00+00:00,0.0001
2020-03-31 08:00:00.001000+00:00,-0.00080629
2020-03-31 16:00:00.001000+00:00,0.0001
2020-04-01 00:00:00.002000+00:00,-0.000887
2020-04-01 08:00:00+00:00,0.0001
2020-04-01 16:00:00.001000+00:00,0.0001
2020-04-02 00:00:00+00:00,0.0001
2020-04-02 08:00:00+00:00,-5.891e-05
2020-04-02 16:00:00+00:00,0.0001
2020-04-03 00:00:00+00:00,0.0001
2020-04-03 08:00:00+00:00,0.0001
2020-04-03 16:00:00+00:00,-6.334e-05
2020-04-04 00:00:00+00:00,0.0001
2020-04-04 08:00:00+00:00,0.0001
2020-04-04 16:00:00+00:00,0.0001
2020-04-05 00:00:00.001000+00:00,0.0001
2020-04-05 08:00:00+00:00,0.0001
2020-04-05 16:00:00+00:00,0.0001
2020-04-06 00:00:00+00:00,0.0001
2020-04-06 08:00:00+00:00,0.0001
2020-04-06 16:00:00+00:00,0.0001
2020-04-07 00:00:00+00:00,0.0001
2020-04-07 08:00:00+00:00,0.0001
2020-04-07 16:00:00+00:00,0.0001
2020-04-08 00:00:00+00:00,0.0001
2020-04-08 08:00:00+00:00,0.0001
2020-04-08 16:00:00+00:00,0.0001
2020-04-09 00:00:00+00:00,0.0001
2020-04-09 08:00:00.001000+00:00,0.0001
2020-04-09 16:00:00+00:00,0.0001
2020-04-10 00:00:00.001000+00:00,0.0001
2020-04-10 08:00:00+00:00,0.0001
2020-04-10 16:00:00+00:00,0.0001
2020-04-11 00:00:00+00:00,0.0001
2020-04-11 08:00:00+00:00,0.0001
2020-04-11 16:00:00+00:00,0.0001
2020-04-12 00:00:00+00:00,0.0001
2020-04-12 08:00:00.006000+00:00,0.0001
2020-04-12 16:00:00.001000+00:00,0.0001
2020-04-13 00:00:00.001000+00:00,0.0001
2020-04-13 08:00:00+00:00,0.0001
2020-04-13 16:00:00+00:00,0.0001
2020-04-14 00:00:00+00:00,0.0001
2020-04-14 08:00:00+00:00,0.0001
2020-04-14 16:00:00+00:00,0.0001
2020-04-15 00:00:00+00:00,0.0001
2020-04-15 08:00:00+00:00,0.0001
2020-04-15 16:00:00+00:00,0.0001
2020-04-16 00:00:00+00:00,6.393e-05
2020-04-16 08:00:00+00:00,5.187e-05
2020-04-16 16:00:00+00:00,-0.00015806
2020-04-17 00:00:00+00:00,0.0001
2020-04-17 08:00:00+00:00,1.998e-05
2020-04-17 16:00:00+00:00,0.0001
2020-04-18 00:00:00+00:00,0.0001
2020-04-18 08:00:00+00:00,-0.00042642
2020-04-18 16:00:00+00:00,-0.00013881
2020-04-19 00:00:00+00:00,0.0001
2020-04-19 08:00:00+00:00,-0.00031541
2020-04-19 16:00:00+00:00,-0.00053636
2020-04-20 00:00:00+00:00,-0.00215343
2020-04-20 08:00:00+00:00,-0.0016811
2020-04-20 16:00:00+00:00,-0.000426
2020-04-21 00:00:00+00:00,0.00031734
2020-04-21 08:00:00.001000+00:00,0.00053931
2020-04-21 16:00:00+00:00,0.0001
2020-04-22 00:00:00.001000+00:00,0.0001
2020-04-22 08:00:00+00:00,0.0001
2020-04-22 16:00:00+00:00,0.0001
2020-04-23 00:00:00+00:00,0.0001
2020-04-23 08:00:00.001000+00:00,0.0001
2020-04-23 16:00:00+00:00,0.0001
2020-04-24 00:00:00+00:00,0.0001
2020-04-24 08:00:00+00:00,0.0001
2020-04-24 16:00:00+00:00,0.0001
2020-04-25 00:00:00.003000+00:00,0.00062187
2020-04-25 08:00:00+00:00,0.000288
2020-04-25 16:00:00+00:00,0.00047968
2020-04-26 00:00:00+00:00,0.0001
2020-04-26 08:00:00+00:00,0.00014763
2020-04-26 16:00:00+00:00,0.00030867
2020-04-27 00:00:00+00:00,0.00050357
2020-04-27 08:00:00.005000+00:00,0.00019388
2020-04-27 16:00:00+00:00,0.00061021
2020-04-28 00:00:00+00:00,0.00012589
2020-04-28 08:00:00+00:00,0.0001
2020-04-28 16:00:00+00:00,0.00027025
2020-04-29 00:00:00+00:00,0.00034775
2020-04-29 08:00:00.001000+00:00,0.00058964
2020-04-29 16:00:00+00:00,0.00076438
2020-04-30 00:00:00+00:00,0.0001
2020-04-30 08:00:00+00:00,0.0001
2020-04-30 16:00:00+00:00,0.0001
2020-05-01 00:00:00+00:00,0.0001
2020-05-01 08:00:00+00:00,0.00035863
2020-05-01 16:00:00+00:00,0.00012631
2020-05-02 00:00:00+00:00,0.0001
2020-05-02 08:00:00+00:00,0.0001
2020-05-02 16:00:00+00:00,0.0001
2020-05-03 00:00:00+00:00,0.0001
2020-05-03 08:00:00+00:00,0.0001
2020-05-03 16:00:00+00:00,0.0001
2020-05-04 00:00:00+00:00,0.0001
2020-05-04 08:00:00.005000+00:00,0.0001
2020-05-04 16:00:00+00:00,0.0001
2020-05-05 00:00:00+00:00,0.0001
2020-05-05 08:00:00+00:00,0.0001
2020-05-05 16:00:00+00:00,0.00020546
2020-05-06 00:00:00.001000+00:00,0.0001
2020-05-06 08:00:00+00:00,0.0001
2020-05-06 16:00:00+00:00,0.0001
2020-05-07 00:00:00+00:00,0.0001
2020-05-07 08:00:00.011000+00:00,0.0001
2020-05-07 16:00:00+00:00,0.0001
2020-05-08 00:00:00+00:00,0.00016733
2020-05-08 08:00:00.001000+00:00,0.00052748
2020-05-08 16:00:00+00:00,0.00037854
2020-05-09 00:00:00+00:00,0.0001
2020-05-09 08:00:00+00:00,0.0015171
2020-05-09 16:00:00+00:00,0.00077117
2020-05-10 00:00:00+00:00,0.0001
2020-05-10 08:00:00+00:00,0.0001
2020-05-10 16:00:00+00:00,0.0001
2020-05-11 00:00:00+00:00,0.0001
2020-05-11 08:00:00+00:00,0.0001
2020-05-11 16:00:00+00:00,0.00039958
2020-05-12 00:00:00+00:00,0.0001
2020-05-12 08:00:00.001000+00:00,0.00013881
2020-05-12 16:00:00+00:00,0.0001
2020-05-13 00:00:00+00:00,0.0001
2020-05-13 08:00:00+00:00,0.0001
2020-05-13 16:00:00+00:00,0.0001
2020-05-14 00:00:00+00:00,0.0001
2020-05-14 08:00:00+00:00,0.0001
2020-05-14 16:00:00+00:00,0.0001
2020-05-15 00:00:00+00:00,0.0001
2020-05-15 08:00:00+00:00,0.0001
2020-05-15 16:00:00.001000+00:00,0.0001
2020-05-16 00:00:00.008000+00:00,0.0001
2020-05-16 08:00:00+00:00,0.0001
2020-05-16 16:00:00+00:00,0.0001
2020-05-17 00:00:00.002000+00:00,0.0001
2020-05-17 08:00:00+00:00,0.0001
2020-05-17 16:00:00+00:00,0.0001
2020-05-18 00:00:00+00:00,-0.00044033
2020-05-18 08:00:00+00:00,0.0001
2020-05-18 16:00:00.001000+00:00,0.0001
2020-05-19 00:00:00.005000+00:00,0.0001
2020-05-19 08:00:00+00:00,0.00014983
2020-05-19 16:00:00+00:00,0.00014603
2020-05-20 00:00:00+00:00,0.00037949
2020-05-20 08:00:00+00:00,0.0001
2020-05-20 16:00:00.006000+00:00,0.00028642
2020-05-21 00:00:00+00:00,0.0001
2020-05-21 08:00:00+00:00,0.0001
2020-05-21 16:00:00+00:00,0.0001
2020-05-22 00:00:00.006000+00:00,0.0001
2020-05-22 08:00:00+00:00,0.0001
2020-05-22 16:00:00+00:00,0.00036993
2020-05-23 00:00:00.003000+00:00,0.0001
2020-05-23 08:00:00+00:00,0.0001
2020-05-23 16:00:00+00:00,0.0001
2020-05-24 00:00:00.006000+00:00,0.0001
2020-05-24 08:00:00+00:00,0.0001
2020-05-24 16:00:00+00:00,0.0001
2020-05-25 00:00:00+00:00,0.0001
2020-05-25 08:00:00+00:00,0.0003509
2020-05-25 16:00:00+00:00,0.0001
2020-05-26 00:00:00+00:00,0.0001
2020-05-26 08:00:00.006000+00:00,0.0001
2020-05-26 16:00:00+00:00,0.0001
2020-05-27 00:00:00+00:00,0.0001
2020-05-27 08:00:00+00:00,0.0001
2020-05-27 16:00:00+00:00,0.0001
2020-05-28 00:00:00+00:00,0.0001
2020-05-28 08:00:00+00:00,0.0001
2020-05-28 16:00:00+00:00,0.00012722
2020-05-29 00:00:00+00:00,0.0001
2020-05-29 08:00:00+00:00,0.0001
2020-05-29 16:00:00+00:00,0.00015424
2020-05-30 00:00:00+00:00,0.0002964
2020-05-30 08:00:00.001000+00:00,0.0001
2020-05-30 16:00:00+00:00,0.0001
2020-05-31 00:00:00+00:00,0.0001
2020-05-31 08:00:00.001000+00:00,0.0001
2020-05-31 16:00:00+00:00,0.0001
2020-06-01 00:00:00+00:00,0.0001
2020-06-01 08:00:00.001000+00:00,0.0001
2020-06-01 16:00:00+00:00,0.0001
2020-06-02 00:00:00+00:00,0.0001
2020-06-02 08:00:00.002000+00:00,0.00144519
2020-06-02 16:00:00+00:00,0.00031238
2020-06-03 00:00:00+00:00,0.0001
2020-06-03 08:00:00+00:00,0.0001
2020-06-03 16:00:00.002000+00:00,0.0001
2020-06-04 00:00:00.001000+00:00,0.0001
2020-06-04 08:00:00.004000+00:00,0.0001
2020-06-04 16:00:00.001000+00:00,0.0001
2020-06-05 00:00:00.001000+00:00,0.0001
2020-06-05 08:00:00+00:00,0.0001
2020-06-05 16:00:00.001000+00:00,0.00073183
2020-06-06 00:00:00+00:00,0.00051595
2020-06-06 08:00:00+00:00,0.00048713
2020-06-06 16:00:00+00:00,0.0001
2020-06-07 00:00:00+00:00,0.0001
2020-06-07 08:00:00+00:00,0.0001
2020-06-07 16:00:00.006000+00:00,0.0001
2020-06-08 00:00:00.008000+00:00,0.00025899
2020-06-08 08:00:00.007000+00:00,0.00017336
2020-06-08 16:00:00+00:00,0.0001
2020-06-09 00:00:00+00:00,0.0001
2020-06-09 08:00:00+00:00,0.0001
2020-06-09 16:00:00+00:00,0.0001
2020-06-10 00:00:00+00:00,0.00030326
2020-06-10 08:00:00+00:00,0.00029733
2020-06-10 16:00:00+00:00,0.0001
2020-06-11 00:00:00.008000+00:00,0.00031351
2020-06-11 08:00:00.001000+00:00,0.0001
2020-06-11 16:00:00+00:00,0.0001
2020-06-12 00:00:00.003000+00:00,0.0001
2020-06-12 08:00:00+00:00,0.0001
2020-06-12 16:00:00.002000+00:00,0.0001
2020-06-13 00:00:00+00:00,0.00015061
2020-06-13 08:00:00.001000+00:00,0.0001
2020-06-13 16:00:00+00:00,0.0001
2020-06-14 00:00:00.007000+00:00,0.0001
2020-06-14 08:00:00+00:00,0.0001
2020-06-14 16:00:00.001000+00:00,0.0001
2020-06-15 00:00:00+00:00,0.0001
2020-06-15 08:00:00.001000+00:00,0.0001
2020-06-15 16:00:00+00:00,0.0001
2020-06-16 00:00:00.002000+00:00,0.0001
2020-06-16 08:00:00+00:00,0.0001
2020-06-16 16:00:00.006000+00:00,0.0001
2020-06-17 00:00:00+00:00,0.00011504
2020-06-17 08:00:00.007000+00:00,0.00038781
2020-06-17 16:00:00+00:00,0.00032343
2020-06-18 00:00:00.003000+00:00,0.00046824
2020-06-18 08:00:00.001000+00:00,0.00015477
2020-06-18 16:00:00.002000+00:00,0.0001
2020-06-19 00:00:00.001000+00:00,0.0001
2020-06-19 08:00:00.003000+00:00,0.0001
2020-06-19 16:00:00+00:00,0.00057032
2020-06-20 00:00:00+00:00,0.0001
2020-06-20 08:00:00.009000+00:00,0.00018405
2020-06-20 16:00:00.006000+00:00,0.0001
2020-06-21 00:00:00+00:00,0.00038649
2020-06-21 08:00:00+00:00,0.0001
2020-06-21 16:00:00+00:00,0.0001
2020-06-22 00:00:00+00:00,0.0001
2020-06-22 08:00:00+00:00,0.0001
2020-06-22 16:00:00.001000+00:00,0.0001
2020-06-23 00:00:00+00:00,0.00020281
2020-06-23 08:00:00.002000+00:00,0.00019994
2020-06-23 16:00:00+00:00,0.0001
2020-06-24 00:00:00.001000+00:00,0.0001
2020-06-24 08:00:00+00:00,0.0001
2020-06-24 16:00:00+00:00,0.0001
2020-06-25 00:00:00+00:00,0.0001
2020-06-25 08:00:00+00:00,0.00011077
2020-06-25 16:00:00+00:00,0.0001
2020-06-26 00:00:00+00:00,0.0001
2020-06-26 08:00:00+00:00,0.0001
2020-06-26 16:00:00+00:00,0.0001
2020-06-27 00:00:00.003000+00:00,0.00014072
2020-06-27 08:00:00.004000+00:00,0.0001
2020-06-27 16:00:00+00:00,0.0001
2020-06-28 00:00:00.003000+00:00,0.0001
2020-06-28 08:00:00.001000+00:00,0.00021835
2020-06-28 16:00:00+00:00,0.00018939
2020-06-29 00:00:00+00:00,0.0001
2020-06-29 08:00:00.005000+00:00,0.0001
2020-06-29 16:00:00+00:00,0.00020655
2020-06-30 00:00:00+00:00,0.00111895
2020-06-30 08:00:00.001000+00:00,0.0001
2020-06-30 16:00:00.002000+00:00,0.0001
2020-07-01 00:00:00.002000+00:00,0.0001
2020-07-01 08:00:00+00:00,0.0001
2020-07-01 16:00:00+00:00,0.0007103
2020-07-02 00:00:00.001000+00:00,0.0001
2020-07-02 08:00:00.001000+00:00,0.0001
2020-07-02 16:00:00+00:00,0.0001
2020-07-03 00:00:00+00:00,0.0001
2020-07-03 08:00:00.001000+00:00,0.0001
2020-07-03 16:00:00+00:00,0.0001
2020-07-04 00:00:00.002000+00:00,0.0001
2020-07-04 08:00:00.002000+00:00,0.0001
2020-07-04 16:00:00.001000+00:00,0.0001
2020-07-05 00:00:00+00:00,0.0001
2020-07-05 08:00:00+00:00,6.61e-05
2020-07-05 16:00:00+00:00,0.0001
2020-07-06 00:00:00+00:00,0.0001
2020-07-06 08:00:00.001000+00:00,0.0001
2020-07-06 16:00:00+00:00,0.0001
2020-07-07 00:00:00+00:00,0.0001
2020-07-07 08:00:00.006000+00:00,0.0001
2020-07-07 16:00:00+00:00,0.00049707
2020-07-08 00:00:00+00:00,0.0001
2020-07-08 08:00:00+00:00,0.00100091
2020-07-08 16:00:00+00:00,0.00083912
2020-07-09 00:00:00.001000+00:00,0.000594
2020-07-09 08:00:00.002000+00:00,0.00085467
2020-07-09 16:00:00+00:00,0.00065896
2020-07-10 00:00:00+00:00,0.00031294
2020-07-10 08:00:00.001000+00:00,0.00016891
2020-07-10 16:00:00+00:00,0.0001
2020-07-11 00:00:00+00:00,0.00021926
2020-07-11 08:00:00+00:00,0.0001
2020-07-11 16:00:00+00:00,0.00013419
2020-07-12 00:00:00+00:00,0.00025657
2020-07-12 08:00:00+00:00,0.0001
2020-07-12 16:00:00+00:00,0.0011159
2020-07-13 00:00:00+00:00,0.00111736
2020-07-13 08:00:00.001000+00:00,0.00098891
2020-07-13 16:00:00+00:00,0.00049789
2020-07-14 00:00:00.001000+00:00,0.00059123
2020-07-14 08:00:00+00:00,0.0001
2020-07-14 16:00:00+00:00,0.00016091
2020-07-15 00:00:00+00:00,0.0001
2020-07-15 08:00:00+00:00,0.0001
2020-07-15 16:00:00+00:00,0.00015506
2020-07-16 00:00:00+00:00,0.00024555
2020-07-16 08:00:00.002000+00:00,0.0001
2020-07-16 16:00:00.001000+00:00,0.0001
2020-07-17 00:00:00.001000+00:00,0.00072295
2020-07-17 08:00:00+00:00,0.0001
2020-07-17 16:00:00+00:00,0.00010739
2020-07-18 00:00:00.003000+00:00,0.000583
2020-07-18 08:00:00.001000+00:00,0.0001
2020-07-18 16:00:00+00:00,0.0001
2020-07-19 00:00:00+00:00,0.0001
2020-07-19 08:00:00+00:00,0.0001
2020-07-19 16:00:00+00:00,0.0001
2020-07-20 00:00:00+00:00,0.00084846
2020-07-20 08:00:00+00:00,0.0001
2020-07-20 16:00:00.001000+00:00,0.00016308
2020-07-21 00:00:00+00:00,0.0001
2020-07-21 08:00:00.001000+00:00,0.00039735
2020-07-21 16:00:00.004000+00:00,0.00034541
2020-07-22 00:00:00+00:00,0.00056501
2020-07-22 08:00:00+00:00,0.0001
2020-07-22 16:00:00+00:00,0.00018187
2020-07-23 00:00:00.001000+00:00,0.00042635
2020-07-23 08:00:00+00:00,0.0005664
2020-07-23 16:00:00.001000+00:00,0.00030575
2020-07-24 00:00:00+00:00,0.0003752
2020-07-24 08:00:00+00:00,0.00052905
2020-07-24 16:00:00+00:00,0.00057301
2020-07-25 00:00:00+00:00,0.00052784
2020-07-25 08:00:00.001000+00:00,0.00066835
2020-07-25 16:00:00+00:00,0.00079109
2020-07-26 00:00:00+00:00,0.00132225
2020-07-26 08:00:00+00:00,0.0010197
2020-07-26 16:00:00+00:00,0.00099668
2020-07-27 00:00:00+00:00,0.00104574
2020-07-27 08:00:00+00:00,0.00104622
2020-07-27 16:00:00+00:00,0.00058093
2020-07-28 00:00:00+00:00,0.00078923
2020-07-28 08:00:00.001000+00:00,0.00112391
2020-07-28 16:00:00+00:00,0.00107123
2020-07-29 00:00:00+00:00,0.00117037
2020-07-29 08:00:00+00:00,0.00129152
2020-07-29 16:00:00+00:00,0.00117455
2020-07-30 00:00:00+00:00,0.00102308
2020-07-30 08:00:00.001000+00:00,0.0001744
2020-07-30 16:00:00+00:00,0.00036443
2020-07-31 00:00:00+00:00,0.00066365
2020-07-31 08:00:00.001000+00:00,0.00059572
2020-07-31 16:00:00+00:00,0.0005367
2020-08-01 00:00:00.005000+00:00,0.0001
2020-08-01 08:00:00+00:00,0.00029872
2020-08-01 16:00:00.001000+00:00,0.00062562
2020-08-02 00:00:00+00:00,0.00121688
2020-08-02 08:00:00.001000+00:00,0.00060671
2020-08-02 16:00:00.001000+00:00,0.00048695
2020-08-03 00:00:00+00:00,0.00060808
2020-08-03 08:00:00.001000+00:00,0.00066969
2020-08-03 16:00:00+00:00,0.00064589
2020-08-04 00:00:00.003000+00:00,0.00059688
2020-08-04 08:00:00+00:00,0.00044557
2020-08-04 16:00:00+00:00,0.00047428
2020-08-05 00:00:00+00:00,0.0003584
2020-08-05 08:00:00+00:00,0.00038812
2020-08-05 16:00:00+00:00,0.00038079
2020-08-06 00:00:00+00:00,0.00053803
2020-08-06 08:00:00.007000+00:00,0.00073545
2020-08-06 16:00:00+00:00,0.00068076
2020-08-07 00:00:00.001000+00:00,0.00082209
2020-08-07 08:00:00+00:00,0.00073894
2020-08-07 16:00:00+00:00,0.00055175
2020-08-08 00:00:00+00:00,0.00034299
2020-08-08 08:00:00+00:00,0.00032234
2020-08-08 16:00:00+00:00,0.00071897
2020-08-09 00:00:00+00:00,0.00076889
2020-08-09 08:00:00+00:00,0.00073288
2020-08-09 16:00:00+00:00,0.00059221
2020-08-10 00:00:00.001000+00:00,0.00067542
2020-08-10 08:00:00+00:00,0.00135289
2020-08-10 16:00:00.001000+00:00,0.00119192
2020-08-11 00:00:00.001000+00:00,0.00189662
2020-08-11 08:00:00+00:00,0.0014113
2020-08-11 16:00:00.001000+00:00,0.00059637
2020-08-12 00:00:00+00:00,0.00059848
2020-08-12 08:00:00+00:00,0.00072275
2020-08-12 16:00:00+00:00,0.00082552
2020-08-13 00:00:00.002000+00:00,0.00154984
2020-08-13 08:00:00+00:00,0.00081746
2020-08-13 16:00:00+00:00,0.00082824
2020-08-14 00:00:00+00:00,0.00081719
2020-08-14 08:00:00+00:00,0.00130341
2020-08-14 16:00:00+00:00,0.00152574
2020-08-15 00:00:00+00:00,0.00080427
2020-08-15 08:00:00.001000+00:00,0.00100748
2020-08-15 16:00:00.001000+00:00,0.0010718
2020-08-16 00:00:00+00:00,0.00185898
2020-08-16 08:00:00+00:00,0.00117461
2020-08-16 16:00:00+00:00,0.0002602
2020-08-17 00:00:00+00:00,0.00120388
2020-08-17 08:00:00+00:00,0.00096847
2020-08-17 16:00:00+00:00,0.001492
2020-08-18 00:00:00.001000+00:00,0.0019789
2020-08-18 08:00:00.008000+00:00,0.00130386
2020-08-18 16:00:00+00:00,0.00052991
2020-08-19 00:00:00+00:00,0.0002331
2020-08-19 08:00:00+00:00,0.0001
2020-08-19 16:00:00+00:00,0.00028571
2020-08-20 00:00:00.001000+00:00,0.0002498
2020-08-20 08:00:00+00:00,0.0006021
2020-08-20 16:00:00+00:00,0.00085926
2020-08-21 00:00:00+00:00,0.00081643
2020-08-21 08:00:00+00:00,0.00055967
2020-08-21 16:00:00.017000+00:00,0.0009264
2020-08-22 00:00:00+00:00,0.0003527
2020-08-22 08:00:00+00:00,0.00036752
2020-08-22 16:00:00+00:00,0.00037401
2020-08-23 00:00:00+00:00,0.00048447
2020-08-23 08:00:00+00:00,0.00073513
2020-08-23 16:00:00+00:00,0.00063776
2020-08-24 00:00:00.006000+00:00,0.00068759
2020-08-24 08:00:00.001000+00:00,0.00028603
2020-08-24 16:00:00+00:00,0.00034679
2020-08-25 00:00:00+00:00,0.00042883
2020-08-25 08:00:00+00:00,0.00022551
2020-08-25 16:00:00+00:00,0.0001
2020-08-26 00:00:00+00:00,0.00084082
2020-08-26 08:00:00.008000+00:00,0.0001
2020-08-26 16:00:00.002000+00:00,0.00036968
2020-08-27 00:00:00+00:00,0.00019546
2020-08-27 08:00:00.010000+00:00,0.00050576
2020-08-27 16:00:00+00:00,0.00033629
2020-08-28 00:00:00+00:00,0.0003199
2020-08-28 08:00:00.001000+00:00,0.00037759
2020-08-28 16:00:00+00:00,0.00032397
2020-08-29 00:00:00.002000+00:00,0.00037515
2020-08-29 08:00:00.006000+00:00,0.0004882
2020-08-29 16:00:00.003000+00:00,0.00010148
2020-08-30 00:00:00+00:00,0.00062792
2020-08-30 08:00:00+00:00,0.00049849
2020-08-30 16:00:00+00:00,0.00047222
2020-08-31 00:00:00+00:00,0.0008325
2020-08-31 08:00:00.001000+00:00,0.0005169
2020-08-31 16:00:00.001000+00:00,0.00025343
2020-09-01 00:00:00+00:00,0.00038589
2020-09-01 08:00:00+00:00,0.00052993
2020-09-01 16:00:00+00:00,0.0004919
2020-09-02 00:00:00+00:00,0.00092078
2020-09-02 08:00:00.006000+00:00,0.00055783
2020-09-02 16:00:00+00:00,0.00030986
2020-09-03 00:00:00.001000+00:00,0.00017942
2020-09-03 08:00:00.004000+00:00,0.0001
2020-09-03 16:00:00+00:00,0.0001
2020-09-04 00:00:00.005000+00:00,0.0001
2020-09-04 08:00:00+00:00,-9.126e-05
2020-09-04 16:00:00.006000+00:00,0.0001
2020-09-05 00:00:00+00:00,0.0001
2020-09-05 08:00:00.004000+00:00,0.0001
2020-09-05 16:00:00.001000+00:00,0.0001
2020-09-06 00:00:00.004000+00:00,0.0001
2020-09-06 08:00:00+00:00,0.0001
2020-09-06 16:00:00+00:00,0.0001
2020-09-07 00:00:00.002000+00:00,0.0001
2020-09-07 08:00:00.004000+00:00,0.0001
2020-09-07 16:00:00.001000+00:00,0.0001
2020-09-08 00:00:00.007000+00:00,0.0001
2020-09-08 08:00:00.006000+00:00,0.0001
2020-09-08 16:00:00.014000+00:00,0.0001
2020-09-09 00:00:00+00:00,0.0001
2020-09-09 08:00:00+00:00,0.0001
2020-09-09 16:00:00+00:00,0.0001
2020-09-10 00:00:00+00:00,0.0001
2020-09-10 08:00:00.005000+00:00,0.0001
2020-09-10 16:00:00+00:00,0.0001
2020-09-11 00:00:00+00:00,0.0001
2020-09-11 08:00:00.008000+00:00,0.0001
2020-09-11 16:00:00+00:00,0.0001
2020-09-12 00:00:00.008000+00:00,0.0001
2020-09-12 08:00:00+00:00,0.0001
2020-09-12 16:00:00.008000+00:00,0.0001
2020-09-13 00:00:00+00:00,0.0001
2020-09-13 08:00:00+00:00,0.0001
2020-09-13 16:00:00.004000+00:00,0.0001
2020-09-14 00:00:00.003000+00:00,0.0001
2020-09-14 08:00:00.008000+00:00,0.0001
2020-09-14 16:00:00+00:00,0.0001
2020-09-15 00:00:00+00:00,0.0001
2020-09-15 08:00:00.010000+00:00,0.0001
2020-09-15 16:00:00.003000+00:00,0.0001
2020-09-16 00:00:00.014000+00:00,0.0001
2020-09-16 08:00:00+00:00,0.0001
2020-09-16 16:00:00.001000+00:00,0.0001
2020-09-17 00:00:00.006000+00:00,0.0001
2020-09-17 08:00:00.012000+00:00,0.0001
2020-09-17 16:00:00+00:00,0.0001
2020-09-18 00:00:00.001000+00:00,0.0001
2020-09-18 08:00:00.002000+00:00,0.0001
2020-09-18 16:00:00.002000+00:00,0.0001
2020-09-19 00:00:00+00:00,0.0001
2020-09-19 08:00:00.005000+00:00,0.0001
2020-09-19 16:00:00.008000+00:00,0.0001
2020-09-20 00:00:00.002000+00:00,0.0001
2020-09-20 08:00:00.005000+00:00,0.0001
2020-09-20 16:00:00.005000+00:00,0.0001
2020-09-21 00:00:00+00:00,0.0001
2020-09-21 08:00:00.001000+00:00,0.0001
2020-09-21 16:00:00+00:00,0.0001
2020-09-22 00:00:00.001000+00:00,0.0001
2020-09-22 08:00:00+00:00,0.0001
2020-09-22 16:00:00.004000+00:00,0.0001
2020-09-23 00:00:00.007000+00:00,0.0001
2020-09-23 08:00:00.001000+00:00,0.0001
2020-09-23 16:00:00.001000+00:00,0.0001
2020-09-24 00:00:00+00:00,0.0001
2020-09-24 08:00:00+00:00,0.0001
2020-09-24 16:00:00+00:00,0.0001
2020-09-25 00:00:00.009000+00:00,0.0001
2020-09-25 08:00:00.045000+00:00,0.0001
2020-09-25 16:00:00+00:00,0.0001
2020-09-26 00:00:00+00:00,0.0001
2020-09-26 08:00:00+00:00,0.0001
2020-09-26 16:00:00.005000+00:00,0.0001
2020-09-27 00:00:00+00:00,0.0001
2020-09-27 08:00:00+00:00,0.0001
2020-09-27 16:00:00.019000+00:00,0.0001
2020-09-28 00:00:00.001000+00:00,0.0001
2020-09-28 08:00:00+00:00,0.0001
2020-09-28 16:00:00.002000+00:00,0.0001
2020-09-29 00:00:00+00:00,0.0001
2020-09-29 08:00:00+00:00,0.0001
2020-09-29 16:00:00+00:00,0.0001
2020-09-30 00:00:00.005000+00:00,0.0001
2020-09-30 08:00:00+00:00,0.00012818
2020-09-30 16:00:00+00:00,0.0001
2020-10-01 00:00:00+00:00,0.0002241
2020-10-01 08:00:00+00:00,0.0001
2020-10-01 16:00:00+00:00,0.0001
2020-10-02 00:00:00.011000+00:00,0.0001
2020-10-02 08:00:00+00:00,0.0001
2020-10-02 16:00:00.005000+00:00,0.0001
2020-10-03 00:00:00+00:00,0.0001
2020-10-03 08:00:00.001000+00:00,0.0001
2020-10-03 16:00:00+00:00,0.0001
2020-10-04 00:00:00+00:00,0.0001
2020-10-04 08:00:00.003000+00:00,0.00029056
2020-10-04 16:00:00.001000+00:00,0.0001
2020-10-05 00:00:00+00:00,0.0001
2020-10-05 08:00:00+00:00,0.0001
2020-10-05 16:00:00.012000+00:00,0.0001
2020-10-06 00:00:00+00:00,0.0001
2020-10-06 08:00:00.005000+00:00,0.0001
2020-10-06 16:00:00+00:00,0.0001
2020-10-07 00:00:00+00:00,0.0001
2020-10-07 08:00:00+00:00,0.0001
2020-10-07 16:00:00+00:00,0.0001
2020-10-08 00:00:00+00:00,0.0001
2020-10-08 08:00:00.009000+00:00,0.0001
2020-10-08 16:00:00.003000+00:00,0.0001
2020-10-09 00:00:00.001000+00:00,0.0001
2020-10-09 08:00:00+00:00,0.0001
2020-10-09 16:00:00.004000+00:00,0.0001
2020-10-10 00:00:00.005000+00:00,0.00012035
2020-10-10 08:00:00+00:00,0.00042879
2020-10-10 16:00:00.011000+00:00,0.0001
2020-10-11 00:00:00.002000+00:00,0.00036532
2020-10-11 08:00:00.003000+00:00,0.0001
2020-10-11 16:00:00.004000+00:00,0.00012329
2020-10-12 00:00:00.001000+00:00,0.0001
2020-10-12 08:00:00+00:00,0.0001
2020-10-12 16:00:00.011000+00:00,0.0001
2020-10-13 00:00:00.003000+00:00,0.0001
2020-10-13 08:00:00+00:00,0.0001
2020-10-13 16:00:00.001000+00:00,0.00016357
2020-10-14 00:00:00.001000+00:00,0.00013385
2020-10-14 08:00:00+00:00,0.0001
2020-10-14 16:00:00.001000+00:00,0.0001
2020-10-15 00:00:00+00:00,0.00017874
2020-10-15 08:00:00+00:00,0.0001
2020-10-15 16:00:00+00:00,0.00018143
2020-10-16 00:00:00.002000+00:00,0.0001
2020-10-16 08:00:00.003000+00:00,0.0001
2020-10-16 16:00:00+00:00,0.0001
2020-10-17 00:00:00.006000+00:00,0.0001
2020-10-17 08:00:00.007000+00:00,0.0001
2020-10-17 16:00:00.009000+00:00,0.0001
2020-10-18 00:00:00.006000+00:00,0.0001
2020-10-18 08:00:00+00:00,0.0001
2020-10-18 16:00:00+00:00,0.0001
2020-10-19 00:00:00+00:00,0.0001
2020-10-19 08:00:00+00:00,0.0001
2020-10-19 16:00:00+00:00,0.00013657
2020-10-20 00:00:00.015000+00:00,0.00010126
2020-10-20 08:00:00+00:00,0.00014487
2020-10-20 16:00:00.008000+00:00,0.00016349
2020-10-21 00:00:00.009000+00:00,0.0001
2020-10-21 08:00:00.004000+00:00,0.0001
2020-10-21 16:00:00+00:00,0.0001
2020-10-22 00:00:00+00:00,0.00030773
2020-10-22 08:00:00+00:00,0.00035942
2020-10-22 16:00:00.004000+00:00,0.0001
2020-10-23 00:00:00.007000+00:00,0.0001
2020-10-23 08:00:00+00:00,0.00016923
2020-10-23 16:00:00+00:00,0.0001
2020-10-24 00:00:00+00:00,0.00022135
2020-10-24 08:00:00+00:00,0.00019884
2020-10-24 16:00:00.008000+00:00,0.00013002
2020-10-25 00:00:00.005000+00:00,0.00019963
2020-10-25 08:00:00.014000+00:00,0.0001
2020-10-25 16:00:00+00:00,0.0001
2020-10-26 00:00:00.004000+00:00,0.0001
2020-10-26 08:00:00+00:00,0.0001
2020-10-26 16:00:00+00:00,0.0001
2020-10-27 00:00:00+00:00,0.0001
2020-10-27 08:00:00+00:00,0.0001
2020-10-27 16:00:00+00:00,0.0001
2020-10-28 00:00:00+00:00,0.00022663
2020-10-28 08:00:00.006000+00:00,0.00012396
2020-10-28 16:00:00.001000+00:00,0.0001
2020-10-29 00:00:00+00:00,0.0001597
2020-10-29 08:00:00+00:00,0.0001
2020-10-29 16:00:00+00:00,0.0001
2020-10-30 00:00:00+00:00,0.0001
2020-10-30 08:00:00.002000+00:00,0.0001
2020-10-30 16:00:00.002000+00:00,0.0001
2020-10-31 00:00:00.003000+00:00,0.0001
2020-10-31 08:00:00+00:00,0.0001
2020-10-31 16:00:00+00:00,0.0001
2020-11-01 00:00:00+00:00,0.0001
2020-11-01 08:00:00+00:00,0.0001
2020-11-01 16:00:00+00:00,0.0001
2020-11-02 00:00:00+00:00,0.0001
2020-11-02 08:00:00.010000+00:00,0.0001
2020-11-02 16:00:00+00:00,0.0001
2020-11-03 00:00:00+00:00,0.0001
2020-11-03 08:00:00.004000+00:00,0.0001
2020-11-03 16:00:00.009000+00:00,0.0001
2020-11-04 00:00:00+00:00,0.0001
2020-11-04 08:00:00+00:00,0.0001
2020-11-04 16:00:00.005000+00:00,0.0001
2020-11-05 00:00:00.017000+00:00,0.0001
2020-11-05 08:00:00.001000+00:00,0.0001
2020-11-05 16:00:00+00:00,0.00013799
2020-11-06 00:00:00+00:00,0.00044644
2020-11-06 08:00:00.001000+00:00,0.00068625
2020-11-06 16:00:00.001000+00:00,0.00086532
2020-11-07 00:00:00.001000+00:00,0.00045789
2020-11-07 08:00:00+00:00,0.00088145
2020-11-07 16:00:00.006000+00:00,0.00049522
2020-11-08 00:00:00+00:00,0.00055556
2020-11-08 08:00:00+00:00,0.00027798
2020-11-08 16:00:00+00:00,0.00072362
2020-11-09 00:00:00.007000+00:00,0.00082468
2020-11-09 08:00:00.001000+00:00,0.0001
2020-11-09 16:00:00.002000+00:00,0.0001
2020-11-10 00:00:00.003000+00:00,0.0001
2020-11-10 08:00:00.011000+00:00,0.0001
2020-11-10 16:00:00+00:00,0.0001
2020-11-11 00:00:00+00:00,0.00033264
2020-11-11 08:00:00.009000+00:00,0.00010386
2020-11-11 16:00:00.003000+00:00,0.0001
2020-11-12 00:00:00.001000+00:00,0.0001
2020-11-12 08:00:00.001000+00:00,0.0001
2020-11-12 16:00:00+00:00,0.0001
2020-11-13 00:00:00+00:00,0.0001
2020-11-13 08:00:00+00:00,0.0001
2020-11-13 16:00:00+00:00,0.00019002
2020-11-14 00:00:00.005000+00:00,0.0001
2020-11-14 08:00:00.004000+00:00,0.0001
2020-11-14 16:00:00.001000+00:00,0.00025
2020-11-15 00:00:00.001000+00:00,0.0001
2020-11-15 08:00:00+00:00,0.00026179
2020-11-15 16:00:00.003000+00:00,0.0001
2020-11-16 00:00:00+00:00,0.0001
2020-11-16 08:00:00.010000+00:00,0.00014656
2020-11-16 16:00:00.001000+00:00,0.0001
2020-11-17 00:00:00.002000+00:00,0.0001
2020-11-17 08:00:00.003000+00:00,0.0001
2020-11-17 16:00:00.003000+00:00,0.0001
2020-11-18 00:00:00.005000+00:00,0.0001
2020-11-18 08:00:00.006000+00:00,0.00025633
2020-11-18 16:00:00+00:00,0.0001
2020-11-19 00:00:00.008000+00:00,0.0001651
2020-11-19 08:00:00+00:00,0.0001
2020-11-19 16:00:00.001000+00:00,0.00018878
2020-11-20 00:00:00.003000+00:00,0.00028377
2020-11-20 08:00:00.005000+00:00,0.00051464
2020-11-20 16:00:00+00:00,0.00040326
2020-11-21 00:00:00+00:00,0.0001
2020-11-21 08:00:00+00:00,0.00024226
2020-11-21 16:00:00.001000+00:00,0.00081342
2020-11-22 00:00:00.005000+00:00,0.00044177
2020-11-22 08:00:00+00:00,0.00044212
2020-11-22 16:00:00+00:00,0.00023145
2020-11-23 00:00:00.005000+00:00,0.00091184
2020-11-23 08:00:00+00:00,0.00075146
2020-11-23 16:00:00.003000+00:00,0.00039375
2020-11-24 00:00:00+00:00,0.00068774
2020-11-24 08:00:00+00:00,0.00061809
2020-11-24 16:00:00.005000+00:00,0.00046637
2020-11-25 00:00:00.005000+00:00,0.00080696
2020-11-25 08:00:00.005000+00:00,0.00051614
2020-11-25 16:00:00.015000+00:00,0.0011321
2020-11-26 00:00:00.012000+00:00,0.0004979
2020-11-26 08:00:00.002000+00:00,0.0001
2020-11-26 16:00:00.001000+00:00,0.0001
2020-11-27 00:00:00.001000+00:00,0.0001
2020-11-27 08:00:00+00:00,0.0001
2020-11-27 16:00:00.007000+00:00,0.0001
2020-11-28 00:00:00.007000+00:00,0.0001
2020-11-28 08:00:00.012000+00:00,0.0001
2020-11-28 16:00:00+00:00,0.0001
2020-11-29 00:00:00.007000+00:00,0.0001
2020-11-29 08:00:00+00:00,0.0001
2020-11-29 16:00:00+00:00,0.0001
2020-11-30 00:00:00.004000+00:00,0.0001
2020-11-30 08:00:00.007000+00:00,0.0001
2020-11-30 16:00:00+00:00,0.0001
2020-12-01 00:00:00+00:00,0.0001
2020-12-01 08:00:00.003000+00:00,0.00019692
2020-12-01 16:00:00+00:00,0.0001
2020-12-02 00:00:00.001000+00:00,0.0001
2020-12-02 08:00:00.011000+00:00,0.0001
2020-12-02 16:00:00.005000+00:00,0.0001
2020-12-03 00:00:00.001000+00:00,0.0001
2020-12-03 08:00:00.031000+00:00,0.0001
2020-12-03 16:00:00+00:00,0.00042187
2020-12-04 00:00:00.006000+00:00,0.00025463
2020-12-04 08:00:00.009000+00:00,0.0001
2020-12-04 16:00:00+00:00,0.0001
2020-12-05 00:00:00+00:00,0.0001
2020-12-05 08:00:00+00:00,0.0001
2020-12-05 16:00:00+00:00,0.0001
2020-12-06 00:00:00.004000+00:00,0.0001
2020-12-06 08:00:00+00:00,0.00011454
2020-12-06 16:00:00.001000+00:00,0.00015514
2020-12-07 00:00:00+00:00,0.0001
2020-12-07 08:00:00.008000+00:00,0.00017863
2020-12-07 16:00:00+00:00,0.00035961
2020-12-08 00:00:00.003000+00:00,0.00036404
2020-12-08 08:00:00.003000+00:00,0.00019364
2020-12-08 16:00:00.033000+00:00,0.0001
2020-12-09 00:00:00+00:00,0.0001
2020-12-09 08:00:00.010000+00:00,0.0001
2020-12-09 16:00:00+00:00,0.0001
2020-12-10 00:00:00+00:00,0.0001
2020-12-10 08:00:00+00:00,0.0001
2020-12-10 16:00:00.007000+00:00,0.0001
2020-12-11 00:00:00+00:00,0.0001
2020-12-11 08:00:00.016000+00:00,0.0001
2020-12-11 16:00:00.010000+00:00,0.0001
2020-12-12 00:00:00.009000+00:00,0.0001
2020-12-12 08:00:00.002000+00:00,0.0001
2020-12-12 16:00:00+00:00,0.0001
2020-12-13 00:00:00.007000+00:00,0.0001
2020-12-13 08:00:00+00:00,0.0001
2020-12-13 16:00:00+00:00,0.0001
2020-12-14 00:00:00+00:00,0.0001
2020-12-14 08:00:00+00:00,0.0001
2020-12-14 16:00:00+00:00,0.0001
2020-12-15 00:00:00.006000+00:00,0.0001
2020-12-15 08:00:00.001000+00:00,0.0001
2020-12-15 16:00:00+00:00,0.0001
2020-12-16 00:00:00.001000+00:00,0.0001
2020-12-16 08:00:00+00:00,0.0001
2020-12-16 16:00:00+00:00,0.0003405
2020-12-17 00:00:00+00:00,0.00017411
2020-12-17 08:00:00+00:00,0.00027111
2020-12-17 16:00:00.011000+00:00,0.00058391
2020-12-18 00:00:00+00:00,0.0001
2020-12-18 08:00:00+00:00,0.00034884
2020-12-18 16:00:00+00:00,0.0001928
2020-12-19 00:00:00+00:00,0.00016261
2020-12-19 08:00:00.018000+00:00,0.00015849
2020-12-19 16:00:00+00:00,0.00042369
2020-12-20 00:00:00.001000+00:00,0.00037741
2020-12-20 08:00:00.011000+00:00,0.00018584
2020-12-20 16:00:00.023000+00:00,0.0004876
2020-12-21 00:00:00.011000+00:00,0.00014908
2020-12-21 08:00:00+00:00,0.00025786
2020-12-21 16:00:00+00:00,0.0001
2020-12-22 00:00:00.001000+00:00,0.0001
2020-12-22 08:00:00.006000+00:00,0.0001
2020-12-22 16:00:00+00:00,0.0001
2020-12-23 00:00:00+00:00,0.0001
2020-12-23 08:00:00+00:00,0.0001
2020-12-23 16:00:00+00:00,0.0001
2020-12-24 00:00:00.012000+00:00,0.0001
2020-12-24 08:00:00.009000+00:00,0.0001
2020-12-24 16:00:00.001000+00:00,0.0001
2020-12-25 00:00:00+00:00,0.0001
2020-12-25 08:00:00+00:00,0.0001
2020-12-25 16:00:00+00:00,0.0001
2020-12-26 00:00:00.009000+00:00,0.0001
2020-12-26 08:00:00.001000+00:00,0.0001
2020-12-26 16:00:00.006000+00:00,0.0001
2020-12-27 00:00:00+00:00,0.0001
2020-12-27 08:00:00+00:00,0.0001
2020-12-27 16:00:00.001000+00:00,0.0001
2020-12-28 00:00:00.015000+00:00,0.0001
2020-12-28 08:00:00.019000+00:00,0.0001
2020-12-28 16:00:00+00:00,0.00021673
2020-12-29 00:00:00.004000+00:00,0.0001
2020-12-29 08:00:00.003000+00:00,0.0001
2020-12-29 16:00:00+00:00,0.0001
2020-12-30 00:00:00.001000+00:00,0.0001
2020-12-30 08:00:00.001000+00:00,0.0001
2020-12-30 16:00:00.012000+00:00,0.0001
2020-12-31 00:00:00.009000+00:00,0.0001
2020-12-31 08:00:00+00:00,0.0001
2020-12-31 16:00:00.010000+00:00,0.0001
2021-01-01 00:00:00.002000+00:00,0.0001
2021-01-01 08:00:00.006000+00:00,0.0001
2021-01-01 16:00:00.003000+00:00,0.00018518
2021-01-02 00:00:00+00:00,0.0001
2021-01-02 08:00:00+00:00,0.0001
2021-01-02 16:00:00.006000+00:00,0.0001
2021-01-03 00:00:00.018000+00:00,0.00015041
2021-01-03 08:00:00+00:00,0.00019995
2021-01-03 16:00:00.002000+00:00,0.00089127
2021-01-04 00:00:00+00:00,0.0014827
2021-01-04 08:00:00+00:00,0.00172614
2021-01-04 16:00:00+00:00,0.00026192
2021-01-05 00:00:00.020000+00:00,0.00034772
2021-01-05 08:00:00.003000+00:00,0.0001
2021-01-05 16:00:00.003000+00:00,0.00036075
2021-01-06 00:00:00.010000+00:00,0.000676
2021-01-06 08:00:00.003000+00:00,0.00112414
2021-01-06 16:00:00+00:00,0.00182889
2021-01-07 00:00:00.007000+00:00,0.00085622
2021-01-07 08:00:00+00:00,0.00181593
2021-01-07 16:00:00.004000+00:00,0.00198008
2021-01-08 00:00:00+00:00,0.00108631
2021-01-08 08:00:00+00:00,0.00013741
2021-01-08 16:00:00+00:00,0.00090406
2021-01-09 00:00:00.009000+00:00,0.00033942
2021-01-09 08:00:00.004000+00:00,0.00050221
2021-01-09 16:00:00+00:00,0.0009974
2021-01-10 00:00:00+00:00,0.00175613
2021-01-10 08:00:00.005000+00:00,0.00140058
2021-01-10 16:00:00+00:00,0.00041719
2021-01-11 00:00:00+00:00,0.00054375
2021-01-11 08:00:00.012000+00:00,0.00014654
2021-01-11 16:00:00+00:00,0.00034882
2021-01-12 00:00:00+00:00,0.0001
2021-01-12 08:00:00+00:00,0.0001805
2021-01-12 16:00:00.008000+00:00,0.00019658
2021-01-13 00:00:00.001000+00:00,0.0001
2021-01-13 08:00:00+00:00,0.00046092
2021-01-13 16:00:00.003000+00:00,0.0007526
2021-01-14 00:00:00+00:00,0.00052844
2021-01-14 08:00:00.012000+00:00,0.0004547
2021-01-14 16:00:00+00:00,0.00081909
2021-01-15 00:00:00.002000+00:00,0.00022823
2021-01-15 08:00:00+00:00,0.00086241
2021-01-15 16:00:00.004000+00:00,0.00067452
2021-01-16 00:00:00+00:00,0.0001
2021-01-16 08:00:00.008000+00:00,0.0001
2021-01-16 16:00:00+00:00,0.00048305
2021-01-17 00:00:00.009000+00:00,0.00046329
2021-01-17 08:00:00+00:00,0.00033567
2021-01-17 16:00:00.001000+00:00,0.00036455
2021-01-18 00:00:00+00:00,0.00067021
2021-01-18 08:00:00.004000+00:00,0.00042322
2021-01-18 16:00:00+00:00,0.00093944
2021-01-19 00:00:00+00:00,0.00057991
2021-01-19 08:00:00.005000+00:00,0.00178292
2021-01-19 16:00:00.012000+00:00,0.00149686
2021-01-20 00:00:00.012000+00:00,0.00068023
2021-01-20 08:00:00.001000+00:00,0.00023018
2021-01-20 16:00:00.001000+00:00,0.0001
2021-01-21 00:00:00+00:00,0.00015443
2021-01-21 08:00:00+00:00,0.00033097
2021-01-21 16:00:00.004000+00:00,0.0001
2021-01-22 00:00:00.012000+00:00,0.0001
2021-01-22 08:00:00.003000+00:00,0.0001
2021-01-22 16:00:00.001000+00:00,0.0001
2021-01-23 00:00:00+00:00,0.0001
2021-01-23 08:00:00.002000+00:00,0.00014071
2021-01-23 16:00:00+00:00,0.00014697
2021-01-24 00:00:00.001000+00:00,0.00019458
2021-01-24 08:00:00.011000+00:00,0.00025855
2021-01-24 16:00:00.005000+00:00,0.00052695
2021-01-25 00:00:00.007000+00:00,0.00024322
2021-01-25 08:00:00.012000+00:00,0.0006391
2021-01-25 16:00:00+00:00,0.00050651
2021-01-26 00:00:00.007000+00:00,0.00022456
2021-01-26 08:00:00+00:00,0.0001
2021-01-26 16:00:00+00:00,0.0001
2021-01-27 00:00:00+00:00,0.00016281
2021-01-27 08:00:00.011000+00:00,0.00025891
2021-01-27 16:00:00.003000+00:00,0.0001
2021-01-28 00:00:00+00:00,0.0001
2021-01-28 08:00:00+00:00,0.0001
2021-01-28 16:00:00+00:00,0.00034095
2021-01-29 00:00:00.009000+00:00,0.00034371
2021-01-29 08:00:00+00:00,0.00044468
2021-01-29 16:00:00+00:00,0.00132261
2021-01-30 00:00:00+00:00,0.00042872
2021-01-30 08:00:00+00:00,0.00024349
2021-01-30 16:00:00+00:00,0.00068421
2021-01-31 00:00:00.009000+00:00,0.00078921
2021-01-31 08:00:00+00:00,0.00074048
2021-01-31 16:00:00+00:00,0.00062819
2021-02-01 00:00:00.001000+00:00,0.00041517
2021-02-01 08:00:00.014000+00:00,0.00074779
2021-02-01 16:00:00+00:00,0.0007614
2021-02-02 00:00:00+00:00,0.00056969
2021-02-02 08:00:00.006000+00:00,0.00098462
2021-02-02 16:00:00+00:00,0.00150087
2021-02-03 00:00:00.009000+00:00,0.00148552
2021-02-03 08:00:00.006000+00:00,0.00178857
2021-02-03 16:00:00.006000+00:00,0.00187448
2021-02-04 00:00:00.005000+00:00,0.00163371
2021-02-04 08:00:00+00:00,0.00116414
2021-02-04 16:00:00.011000+00:00,0.00111078
2021-02-05 00:00:00.009000+00:00,0.00108695
2021-02-05 08:00:00.004000+00:00,0.00163217
2021-02-05 16:00:00+00:00,0.00206619
2021-02-06 00:00:00.008000+00:00,0.00152573
2021-02-06 08:00:00.009000+00:00,0.00124032
2021-02-06 16:00:00+00:00,0.00114223
2021-02-07 00:00:00+00:00,0.00163936
2021-02-07 08:00:00.005000+00:00,0.00091159
2021-02-07 16:00:00.001000+00:00,0.00095707
2021-02-08 00:00:00+00:00,0.00061853
2021-02-08 08:00:00.001000+00:00,0.00096426
2021-02-08 16:00:00+00:00,0.00242278
2021-02-09 00:00:00.010000+00:00,0.00186749
2021-02-09 08:00:00.006000+00:00,0.00229957
2021-02-09 16:00:00.007000+00:00,0.00193142
2021-02-10 00:00:00.009000+00:00,0.00218737
2021-02-10 08:00:00.014000+00:00,0.00324401
2021-02-10 16:00:00.005000+00:00,0.00145496
2021-02-11 00:00:00+00:00,0.00085214
2021-02-11 08:00:00+00:00,0.00113816
2021-02-11 16:00:00+00:00,0.00240468
2021-02-12 00:00:00+00:00,0.00161579
2021-02-12 08:00:00+00:00,0.00174409
2021-02-12 16:00:00+00:00,0.00237945
2021-02-13 00:00:00.001000+00:00,0.0024587
2021-02-13 08:00:00.003000+00:00,0.00296092
2021-02-13 16:00:00+00:00,0.00145397
2021-02-14 00:00:00.013000+00:00,0.00234824
2021-02-14 08:00:00+00:00,0.00187223
2021-02-14 16:00:00.008000+00:00,0.00187059
2021-02-15 00:00:00+00:00,0.00161613
2021-02-15 08:00:00.006000+00:00,0.00018346
2021-02-15 16:00:00+00:00,0.00090706
2021-02-16 00:00:00.001000+00:00,0.00095194
2021-02-16 08:00:00+00:00,0.00119169
2021-02-16 16:00:00.010000+00:00,0.0011344
2021-02-17 00:00:00.005000+00:00,0.00045749
2021-02-17 08:00:00.010000+00:00,0.00055326
2021-02-17 16:00:00.008000+00:00,0.00171152
2021-02-18 00:00:00.012000+00:00,0.0018329
2021-02-18 08:00:00+00:00,0.00225234
2021-02-18 16:00:00.009000+00:00,0.00210476
2021-02-19 00:00:00.010000+00:00,0.00182818
2021-02-19 08:00:00.002000+00:00,0.00179943
2021-02-19 16:00:00.008000+00:00,0.00324516
2021-02-20 00:00:00+00:00,0.00255476
2021-02-20 08:00:00.009000+00:00,0.00325668
2021-02-20 16:00:00+00:00,0.00319415
2021-02-21 00:00:00.007000+00:00,0.00061173
2021-02-21 08:00:00.012000+00:00,0.00068251
2021-02-21 16:00:00.001000+00:00,0.0011399
2021-02-22 00:00:00.006000+00:00,0.00100654
2021-02-22 08:00:00.002000+00:00,0.00054308
2021-02-22 16:00:00+00:00,0.0001
2021-02-23 00:00:00+00:00,0.0001
2021-02-23 08:00:00.006000+00:00,0.0001
2021-02-23 16:00:00+00:00,0.0001
2021-02-24 00:00:00.012000+00:00,0.0001
2021-02-24 08:00:00.016000+00:00,0.0001
2021-02-24 16:00:00.011000+00:00,0.0001
2021-02-25 00:00:00.007000+00:00,0.0001
2021-02-25 08:00:00+00:00,0.0001
2021-02-25 16:00:00.010000+00:00,0.0001
2021-02-26 00:00:00+00:00,0.0001
2021-02-26 08:00:00.025000+00:00,0.0001
2021-02-26 16:00:00.010000+00:00,0.0001
2021-02-27 00:00:00.001000+00:00,0.0001
2021-02-27 08:00:00+00:00,0.0001
2021-02-27 16:00:00+00:00,0.0001
2021-02-28 00:00:00.021000+00:00,0.0001
2021-02-28 08:00:00.009000+00:00,0.0001
2021-02-28 16:00:00+00:00,0.0001
2021-03-01 00:00:00+00:00,0.0001
2021-03-01 08:00:00.003000+00:00,0.0001
2021-03-01 16:00:00.001000+00:00,0.0001
2021-03-02 00:00:00+00:00,0.0001
2021-03-02 08:00:00+00:00,0.0001
2021-03-02 16:00:00.004000+00:00,0.0001
2021-03-03 00:00:00+00:00,0.0001
2021-03-03 08:00:00.016000+00:00,0.0001
2021-03-03 16:00:00+00:00,0.00023468
2021-03-04 00:00:00+00:00,0.0001
2021-03-04 08:00:00.015000+00:00,0.0001
2021-03-04 16:00:00.001000+00:00,0.0001
2021-03-05 00:00:00+00:00,0.0001
2021-03-05 08:00:00.002000+00:00,0.0001
2021-03-05 16:00:00.008000+00:00,0.0001
2021-03-06 00:00:00+00:00,0.0001
2021-03-06 08:00:00+00:00,0.00020565
2021-03-06 16:00:00+00:00,0.00016889
2021-03-07 00:00:00.006000+00:00,0.00015818
2021-03-07 08:00:00.005000+00:00,0.00034743
2021-03-07 16:00:00.008000+00:00,0.00049019
2021-03-08 00:00:00+00:00,0.00024511
2021-03-08 08:00:00+00:00,0.00044383
2021-03-08 16:00:00.006000+00:00,0.00056783
2021-03-09 00:00:00+00:00,0.00076278
2021-03-09 08:00:00+00:00,0.00089718
2021-03-09 16:00:00+00:00,0.00120901
2021-03-10 00:00:00.009000+00:00,0.00090703
2021-03-10 08:00:00.006000+00:00,0.00055699
2021-03-10 16:00:00.008000+00:00,0.00058918
2021-03-11 00:00:00+00:00,0.0005931
2021-03-11 08:00:00+00:00,0.00032156
2021-03-11 16:00:00.014000+00:00,0.00050852
2021-03-12 00:00:00.002000+00:00,0.00080707
2021-03-12 08:00:00.005000+00:00,0.00069479
2021-03-12 16:00:00.011000+00:00,0.00027974
2021-03-13 00:00:00+00:00,0.00027504
2021-03-13 08:00:00.002000+00:00,0.0001
2021-03-13 16:00:00+00:00,0.00061454
2021-03-14 00:00:00.011000+00:00,0.00063616
2021-03-14 08:00:00+00:00,0.00070687
2021-03-14 16:00:00+00:00,0.00049938
2021-03-15 00:00:00.012000+00:00,0.0003872
2021-03-15 08:00:00.016000+00:00,0.00048978
2021-03-15 16:00:00.030000+00:00,0.0001
2021-03-16 00:00:00.005000+00:00,0.00010785
2021-03-16 08:00:00.008000+00:00,0.0001
2021-03-16 16:00:00.012000+00:00,0.00026141
2021-03-17 00:00:00.010000+00:00,0.00026319
2021-03-17 08:00:00+00:00,0.00026659
2021-03-17 16:00:00.009000+00:00,0.00026614
2021-03-18 00:00:00.001000+00:00,0.00055296
2021-03-18 08:00:00+00:00,0.00057877
2021-03-18 16:00:00+00:00,0.00065301
2021-03-19 00:00:00.011000+00:00,0.00018388
2021-03-19 08:00:00.001000+00:00,0.00034036
2021-03-19 16:00:00+00:00,0.00026275
2021-03-20 00:00:00+00:00,0.00034474
2021-03-20 08:00:00+00:00,0.00070769
2021-03-20 16:00:00.007000+00:00,0.00096979
2021-03-21 00:00:00+00:00,0.00056466
2021-03-21 08:00:00+00:00,0.00037268
2021-03-21 16:00:00+00:00,0.00039502
2021-03-22 00:00:00.007000+00:00,0.00057002
2021-03-22 08:00:00.001000+00:00,0.00060814
2021-03-22 16:00:00+00:00,0.00062318
2021-03-23 00:00:00+00:00,0.00012549
2021-03-23 08:00:00.010000+00:00,0.0001
2021-03-23 16:00:00.023000+00:00,0.00010032
2021-03-24 00:00:00.002000+00:00,0.00010845
2021-03-24 08:00:00+00:00,0.00019351
2021-03-24 16:00:00+00:00,0.00024981
2021-03-25 00:00:00+00:00,0.0001
2021-03-25 08:00:00+00:00,0.0001
2021-03-25 16:00:00+00:00,0.0001
2021-03-26 00:00:00.008000+00:00,0.0001
2021-03-26 08:00:00+00:00,0.0001
2021-03-26 16:00:00.012000+00:00,0.0001
2021-03-27 00:00:00.018000+00:00,0.0001
2021-03-27 08:00:00+00:00,0.00019215
2021-03-27 16:00:00.001000+00:00,0.00025629
2021-03-28 00:00:00+00:00,0.00025361
2021-03-28 08:00:00+00:00,0.0002676
2021-03-28 16:00:00.005000+00:00,0.00026114
2021-03-29 00:00:00.003000+00:00,0.0001
2021-03-29 08:00:00+00:00,0.00041795
2021-03-29 16:00:00+00:00,0.00054902
2021-03-30 00:00:00.018000+00:00,0.00042333
2021-03-30 08:00:00.012000+00:00,0.0006844
2021-03-30 16:00:00.001000+00:00,0.00075391
2021-03-31 00:00:00+00:00,0.00060164
2021-03-31 08:00:00+00:00,0.00083603
2021-03-31 16:00:00+00:00,0.00051977
2021-04-01 00:00:00.025000+00:00,0.00101229
2021-04-01 08:00:00.011000+00:00,0.00097461
2021-04-01 16:00:00.004000+00:00,0.0010115
2021-04-02 00:00:00+00:00,0.00072343
2021-04-02 08:00:00+00:00,0.00133474
2021-04-02 16:00:00+00:00,0.00145284
2021-04-03 00:00:00.003000+00:00,0.00139627
2021-04-03 08:00:00+00:00,0.00155202
2021-04-03 16:00:00+00:00,0.00166137
2021-04-04 00:00:00+00:00,0.00046524
2021-04-04 08:00:00+00:00,0.000841
2021-04-04 16:00:00.016000+00:00,0.00090213
2021-04-05 00:00:00+00:00,0.00079657
2021-04-05 08:00:00.001000+00:00,0.00094989
2021-04-05 16:00:00.001000+00:00,0.00150068
2021-04-06 00:00:00.010000+00:00,0.00162766
2021-04-06 08:00:00+00:00,0.00155734
2021-04-06 16:00:00.003000+00:00,0.00103782
2021-04-07 00:00:00+00:00,0.00074267
2021-04-07 08:00:00.006000+00:00,0.00066894
2021-04-07 16:00:00.004000+00:00,0.00011632
2021-04-08 00:00:00.013000+00:00,0.00010452
2021-04-08 08:00:00.003000+00:00,0.0001683
2021-04-08 16:00:00.005000+00:00,0.00044654
2021-04-09 00:00:00+00:00,0.00028288
2021-04-09 08:00:00.004000+00:00,0.00028962
2021-04-09 16:00:00.004000+00:00,0.00059414
2021-04-10 00:00:00.011000+00:00,0.00028551
2021-04-10 08:00:00.005000+00:00,0.00117169
2021-04-10 16:00:00+00:00,0.00111788
2021-04-11 00:00:00.004000+00:00,0.00105592
2021-04-11 08:00:00+00:00,0.00173573
2021-04-11 16:00:00+00:00,0.00190628
2021-04-12 00:00:00.001000+00:00,0.00157089
2021-04-12 08:00:00.001000+00:00,0.00194395
2021-04-12 16:00:00.008000+00:00,0.00116661
2021-04-13 00:00:00.003000+00:00,0.00068541
2021-04-13 08:00:00.008000+00:00,0.00117812
2021-04-13 16:00:00.008000+00:00,0.00194366
2021-04-14 00:00:00.008000+00:00,0.00151152
2021-04-14 08:00:00+00:00,0.00225883
2021-04-14 16:00:00.012000+00:00,0.00077155
2021-04-15 00:00:00.006000+00:00,0.0010775
2021-04-15 08:00:00+00:00,0.00130576
2021-04-15 16:00:00.008000+00:00,0.00190427
2021-04-16 00:00:00.008000+00:00,0.00204919
2021-04-16 08:00:00+00:00,0.00181765
2021-04-16 16:00:00.002000+00:00,0.00130353
2021-04-17 00:00:00.008000+00:00,0.00117191
2021-04-17 08:00:00+00:00,0.00145128
2021-04-17 16:00:00.001000+00:00,0.00098087
2021-04-18 00:00:00.006000+00:00,0.00113697
2021-04-18 08:00:00.004000+00:00,0.0001
2021-04-18 16:00:00+00:00,0.00018806
2021-04-19 00:00:00+00:00,0.0001
2021-04-19 08:00:00+00:00,0.0001
2021-04-19 16:00:00.009000+00:00,0.00011661
2021-04-20 00:00:00.004000+00:00,0.00025003
2021-04-20 08:00:00+00:00,0.00021042
2021-04-20 16:00:00.001000+00:00,0.00031674
2021-04-21 00:00:00.013000+00:00,0.00015879
2021-04-21 08:00:00.001000+00:00,0.00020249
2021-04-21 16:00:00.002000+00:00,0.00017878
2021-04-22 00:00:00+00:00,0.00022088
2021-04-22 08:00:00+00:00,0.00023336
2021-04-22 16:00:00.001000+00:00,0.0004005
2021-04-23 00:00:00.002000+00:00,0.0001
2021-04-23 08:00:00.009000+00:00,0.0001
2021-04-23 16:00:00.001000+00:00,0.0001
2021-04-24 00:00:00.019000+00:00,0.0001
2021-04-24 08:00:00.001000+00:00,0.00010622
2021-04-24 16:00:00.011000+00:00,0.0001
2021-04-25 00:00:00+00:00,0.00011714
2021-04-25 08:00:00.010000+00:00,0.000121
2021-04-25 16:00:00+00:00,0.00010046
2021-04-26 00:00:00.003000+00:00,0.0001
2021-04-26 08:00:00.002000+00:00,0.00025995
2021-04-26 16:00:00.004000+00:00,0.00042074
2021-04-27 00:00:00+00:00,0.00010824
2021-04-27 08:00:00+00:00,0.0001
2021-04-27 16:00:00.009000+00:00,0.00018176
2021-04-28 00:00:00+00:00,0.0001
2021-04-28 08:00:00+00:00,0.00018783
2021-04-28 16:00:00.001000+00:00,0.0002838
2021-04-29 00:00:00.004000+00:00,0.00022171
2021-04-29 08:00:00.013000+00:00,0.00031161
2021-04-29 16:00:00.003000+00:00,0.00048695
2021-04-30 00:00:00.004000+00:00,0.00039241
2021-04-30 08:00:00.019000+00:00,0.00046932
2021-04-30 16:00:00.003000+00:00,0.00063427
2021-05-01 00:00:00.002000+00:00,0.00057886
2021-05-01 08:00:00.006000+00:00,0.00055276
2021-05-01 16:00:00+00:00,0.00062273
2021-05-02 00:00:00.010000+00:00,0.00079201
2021-05-02 08:00:00.011000+00:00,0.00061255
2021-05-02 16:00:00.007000+00:00,0.00057462
2021-05-03 00:00:00.003000+00:00,0.00057352
2021-05-03 08:00:00+00:00,0.00066324
2021-05-03 16:00:00.043000+00:00,0.00092011
2021-05-04 00:00:00.004000+00:00,0.00069546
2021-05-04 08:00:00.003000+00:00,0.00034797
2021-05-04 16:00:00.011000+00:00,0.00053795
2021-05-05 00:00:00.001000+00:00,0.00016348
2021-05-05 08:00:00.007000+00:00,0.00060785
2021-05-05 16:00:00.001000+00:00,0.00088574
2021-05-06 00:00:00.003000+00:00,0.00075797
2021-05-06 08:00:00.001000+00:00,0.00093169
2021-05-06 16:00:00+00:00,0.00147933
2021-05-07 00:00:00+00:00,0.00060533
2021-05-07 08:00:00+00:00,0.00055362
2021-05-07 16:00:00.001000+00:00,0.00062949
2021-05-08 00:00:00.006000+00:00,0.0006388
2021-05-08 08:00:00+00:00,0.00098919
2021-05-08 16:00:00+00:00,0.00085216
2021-05-09 00:00:00.005000+00:00,0.00067495
2021-05-09 08:00:00.016000+00:00,0.00053024
2021-05-09 16:00:00+00:00,0.00067958
2021-05-10 00:00:00.004000+00:00,0.00042135
2021-05-10 08:00:00+00:00,0.00048975
2021-05-10 16:00:00.013000+00:00,0.00072349
2021-05-11 00:00:00+00:00,0.0001
2021-05-11 08:00:00+00:00,0.0001
2021-05-11 16:00:00.002000+00:00,0.0001
2021-05-12 00:00:00.004000+00:00,0.0001
2021-05-12 08:00:00.007000+00:00,0.00095953
2021-05-12 16:00:00.012000+00:00,0.00069272
2021-05-13 00:00:00.016000+00:00,0.00024962
2021-05-13 08:00:00+00:00,0.0001
2021-05-13 16:00:00.008000+00:00,0.0001
2021-05-14 00:00:00.007000+00:00,0.0001
2021-05-14 08:00:00.001000+00:00,0.0001
2021-05-14 16:00:00.004000+00:00,0.0001
2021-05-15 00:00:00.022000+00:00,0.0001
2021-05-15 08:00:00.014000+00:00,0.00013129
2021-05-15 16:00:00.002000+00:00,0.0001534
2021-05-16 00:00:00+00:00,0.0001
2021-05-16 08:00:00.003000+00:00,0.0001
2021-05-16 16:00:00.002000+00:00,0.0001
2021-05-17 00:00:00.005000+00:00,0.0001
2021-05-17 08:00:00.001000+00:00,0.0001
2021-05-17 16:00:00+00:00,0.0001
2021-05-18 00:00:00.019000+00:00,0.0001
2021-05-18 08:00:00.001000+00:00,0.0001
2021-05-18 16:00:00.006000+00:00,0.0001
2021-05-19 00:00:00+00:00,0.0001
2021-05-19 08:00:00.003000+00:00,0.0001
2021-05-19 16:00:00.018000+00:00,-0.0049162
2021-05-20 00:00:00.005000+00:00,0.0001
2021-05-20 08:00:00+00:00,0.0001
2021-05-20 16:00:00.005000+00:00,0.0001
2021-05-21 00:00:00+00:00,0.0001
2021-05-21 08:00:00+00:00,0.0001
2021-05-21 16:00:00.001000+00:00,0.0001
2021-05-22 00:00:00.001000+00:00,0.0001
2021-05-22 08:00:00.002000+00:00,0.0001
2021-05-22 16:00:00.005000+00:00,0.0001
2021-05-23 00:00:00.006000+00:00,0.0001
2021-05-23 08:00:00.004000+00:00,0.0001
2021-05-23 16:00:00.002000+00:00,0.0001
2021-05-24 00:00:00.007000+00:00,0.0001
2021-05-24 08:00:00.005000+00:00,0.0001
2021-05-24 16:00:00.005000+00:00,0.0001
2021-05-25 00:00:00+00:00,0.0001
2021-05-25 08:00:00.014000+00:00,0.0001
2021-05-25 16:00:00+00:00,0.0001
2021-05-26 00:00:00.022000+00:00,0.0001
2021-05-26 08:00:00.018000+00:00,0.0001
2021-05-26 16:00:00.004000+00:00,0.0001
2021-05-27 00:00:00+00:00,0.0001
2021-05-27 08:00:00.017000+00:00,0.0001
2021-05-27 16:00:00+00:00,0.0001
2021-05-28 00:00:00.005000+00:00,0.0001
2021-05-28 08:00:00.009000+00:00,0.0001
2021-05-28 16:00:00+00:00,0.0001
2021-05-29 00:00:00.006000+00:00,0.0001
2021-05-29 08:00:00+00:00,0.0001
2021-05-29 16:00:00+00:00,0.0001
2021-05-30 00:00:00.003000+00:00,0.0001
2021-05-30 08:00:00.004000+00:00,0.0001
2021-05-30 16:00:00.018000+00:00,0.0001
2021-05-31 00:00:00.002000+00:00,0.0001
2021-05-31 08:00:00+00:00,0.0001
2021-05-31 16:00:00+00:00,0.0001
2021-06-01 00:00:00.001000+00:00,0.0001
2021-06-01 08:00:00.010000+00:00,0.0001
2021-06-01 16:00:00.010000+00:00,0.0001
2021-06-02 00:00:00.008000+00:00,0.0001
2021-06-02 08:00:00+00:00,0.0001
2021-06-02 16:00:00.007000+00:00,0.0001
2021-06-03 00:00:00.019000+00:00,0.0001
2021-06-03 08:00:00.002000+00:00,0.0001
2021-06-03 16:00:00.003000+00:00,0.0001
2021-06-04 00:00:00.003000+00:00,0.0001
2021-06-04 08:00:00.006000+00:00,0.0001
2021-06-04 16:00:00.002000+00:00,0.0001
2021-06-05 00:00:00+00:00,0.0001
2021-06-05 08:00:00.004000+00:00,0.0001
2021-06-05 16:00:00.020000+00:00,0.0001
2021-06-06 00:00:00+00:00,0.0001
2021-06-06 08:00:00.004000+00:00,0.0001
2021-06-06 16:00:00+00:00,0.0001
2021-06-07 00:00:00.007000+00:00,0.0001
2021-06-07 08:00:00.007000+00:00,0.0001
2021-06-07 16:00:00.003000+00:00,0.0001
2021-06-08 00:00:00+00:00,0.0001
2021-06-08 08:00:00+00:00,0.0001
2021-06-08 16:00:00.002000+00:00,0.0001
2021-06-09 00:00:00.009000+00:00,0.0001
2021-06-09 08:00:00.002000+00:00,0.0001
2021-06-09 16:00:00+00:00,0.0001
2021-06-10 00:00:00.007000+00:00,0.0001
2021-06-10 08:00:00.003000+00:00,0.0001
2021-06-10 16:00:00+00:00,0.0001
2021-06-11 00:00:00.010000+00:00,0.0001
2021-06-11 08:00:00.007000+00:00,0.0001
2021-06-11 16:00:00.006000+00:00,0.0001
2021-06-12 00:00:00.005000+00:00,0.0001
2021-06-12 08:00:00+00:00,0.0001
2021-06-12 16:00:00.018000+00:00,0.0001
2021-06-13 00:00:00.002000+00:00,0.0001
2021-06-13 08:00:00+00:00,0.0001
2021-06-13 16:00:00.003000+00:00,0.0001
2021-06-14 00:00:00+00:00,0.0001
2021-06-14 08:00:00.015000+00:00,0.0001
2021-06-14 16:00:00+00:00,0.0001
2021-06-15 00:00:00+00:00,0.0001
2021-06-15 08:00:00+00:00,0.0001
2021-06-15 16:00:00.004000+00:00,0.0001
2021-06-16 00:00:00.004000+00:00,0.0001
2021-06-16 08:00:00.001000+00:00,0.0001
2021-06-16 16:00:00+00:00,0.0001
2021-06-17 00:00:00.004000+00:00,0.0001
2021-06-17 08:00:00+00:00,0.0001
2021-06-17 16:00:00.002000+00:00,0.0001
2021-06-18 00:00:00.009000+00:00,0.0001
2021-06-18 08:00:00.014000+00:00,0.0001
2021-06-18 16:00:00.007000+00:00,0.0001
2021-06-19 00:00:00.003000+00:00,0.0001
2021-06-19 08:00:00.001000+00:00,0.0001
2021-06-19 16:00:00+00:00,0.0001
2021-06-20 00:00:00.005000+00:00,0.0001
2021-06-20 08:00:00+00:00,0.0001
2021-06-20 16:00:00.002000+00:00,0.0001
2021-06-21 00:00:00.019000+00:00,0.0001
2021-06-21 08:00:00+00:00,0.0001
2021-06-21 16:00:00.024000+00:00,0.0001
2021-06-22 00:00:00.008000+00:00,0.0001
2021-06-22 08:00:00.009000+00:00,0.0001
2021-06-22 16:00:00.001000+00:00,0.0001
2021-06-23 00:00:00.003000+00:00,-3.844e-05
2021-06-23 08:00:00+00:00,0.0001
2021-06-23 16:00:00+00:00,0.0001
2021-06-24 00:00:00.009000+00:00,3.425e-05
2021-06-24 08:00:00.018000+00:00,0.0001
2021-06-24 16:00:00.001000+00:00,0.0001
2021-06-25 00:00:00.009000+00:00,0.0001
2021-06-25 08:00:00.004000+00:00,0.0001
2021-06-25 16:00:00+00:00,8.554e-05
2021-06-26 00:00:00.007000+00:00,2.116e-05
2021-06-26 08:00:00+00:00,-6.867e-05
2021-06-26 16:00:00.002000+00:00,2.786e-05
2021-06-27 00:00:00.005000+00:00,0.0001
2021-06-27 08:00:00.010000+00:00,1.364e-05
2021-06-27 16:00:00.001000+00:00,-6.04e-06
2021-06-28 00:00:00.025000+00:00,0.0001
2021-06-28 08:00:00.017000+00:00,0.0001
2021-06-28 16:00:00.007000+00:00,0.0001
2021-06-29 00:00:00.008000+00:00,0.0001
2021-06-29 08:00:00+00:00,0.0001
2021-06-29 16:00:00+00:00,0.0001
2021-06-30 00:00:00.011000+00:00,0.0001
2021-06-30 08:00:00.044000+00:00,0.0001
2021-06-30 16:00:00.005000+00:00,0.0001
2021-07-01 00:00:00+00:00,0.0001
2021-07-01 08:00:00.004000+00:00,0.0001
2021-07-01 16:00:00.028000+00:00,0.0001
2021-07-02 00:00:00.002000+00:00,0.0001
2021-07-02 08:00:00.016000+00:00,0.0001
2021-07-02 16:00:00.007000+00:00,0.0001
2021-07-03 00:00:00.008000+00:00,0.0001
2021-07-03 08:00:00+00:00,0.0001
2021-07-03 16:00:00.004000+00:00,0.0001
2021-07-04 00:00:00.012000+00:00,0.0001
2021-07-04 08:00:00.002000+00:00,0.0001
2021-07-04 16:00:00.003000+00:00,0.0001
2021-07-05 00:00:00.004000+00:00,0.0001
2021-07-05 08:00:00+00:00,0.0001
2021-07-05 16:00:00.009000+00:00,0.0001
2021-07-06 00:00:00.008000+00:00,0.0001
2021-07-06 08:00:00.019000+00:00,0.0001
2021-07-06 16:00:00+00:00,0.0001
2021-07-07 00:00:00.007000+00:00,0.0001
2021-07-07 08:00:00.001000+00:00,0.0001
2021-07-07 16:00:00.008000+00:00,0.0001
2021-07-08 00:00:00.002000+00:00,0.0001
2021-07-08 08:00:00.010000+00:00,0.0001
2021-07-08 16:00:00.003000+00:00,0.0001
2021-07-09 00:00:00+00:00,0.0001
2021-07-09 08:00:00.006000+00:00,0.0001
2021-07-09 16:00:00+00:00,0.0001
2021-07-10 00:00:00.002000+00:00,0.0001
2021-07-10 08:00:00+00:00,0.0001
2021-07-10 16:00:00.001000+00:00,0.0001
2021-07-11 00:00:00.001000+00:00,4.94e-05
2021-07-11 08:00:00.025000+00:00,0.0001
2021-07-11 16:00:00.006000+00:00,0.0001
2021-07-12 00:00:00+00:00,0.0001
2021-07-12 08:00:00.021000+00:00,0.0001
2021-07-12 16:00:00+00:00,0.0001
2021-07-13 00:00:00+00:00,0.0001
2021-07-13 08:00:00.013000+00:00,0.0001
2021-07-13 16:00:00.005000+00:00,0.0001
2021-07-14 00:00:00+00:00,0.0001
2021-07-14 08:00:00+00:00,0.0001
2021-07-14 16:00:00.005000+00:00,0.0001
2021-07-15 00:00:00.005000+00:00,0.0001
2021-07-15 08:00:00.001000+00:00,0.0001
2021-07-15 16:00:00+00:00,0.0001
2021-07-16 00:00:00+00:00,0.0001
2021-07-16 08:00:00+00:00,0.0001
2021-07-16 16:00:00.001000+00:00,0.0001
2021-07-17 00:00:00.004000+00:00,0.0001
2021-07-17 08:00:00.009000+00:00,0.0001
2021-07-17 16:00:00.006000+00:00,0.0001
2021-07-18 00:00:00+00:00,0.0001
2021-07-18 08:00:00.001000+00:00,0.0001
2021-07-18 16:00:00.003000+00:00,0.0001
2021-07-19 00:00:00.002000+00:00,0.0001
2021-07-19 08:00:00.006000+00:00,0.0001
2021-07-19 16:00:00.006000+00:00,0.0001
2021-07-20 00:00:00.002000+00:00,0.0001
2021-07-20 08:00:00.011000+00:00,1.45e-05
2021-07-20 16:00:00.001000+00:00,8.822e-05
2021-07-21 00:00:00.022000+00:00,0.0001
2021-07-21 08:00:00+00:00,0.0001
2021-07-21 16:00:00.018000+00:00,0.0001
2021-07-22 00:00:00.002000+00:00,0.0001
2021-07-22 08:00:00.006000+00:00,0.0001
2021-07-22 16:00:00.010000+00:00,0.0001
2021-07-23 00:00:00.013000+00:00,0.0001
2021-07-23 08:00:00+00:00,0.0001
2021-07-23 16:00:00.005000+00:00,0.0001
2021-07-24 00:00:00+00:00,0.0001
2021-07-24 08:00:00.002000+00:00,0.0001
2021-07-24 16:00:00.001000+00:00,0.0001
2021-07-25 00:00:00.003000+00:00,0.0001
2021-07-25 08:00:00.015000+00:00,0.0001
2021-07-25 16:00:00+00:00,0.0001
2021-07-26 00:00:00+00:00,0.0001
2021-07-26 08:00:00+00:00,0.0001
2021-07-26 16:00:00+00:00,0.0001
2021-07-27 00:00:00.046000+00:00,0.0001
2021-07-27 08:00:00.014000+00:00,0.0001
2021-07-27 16:00:00.007000+00:00,0.0001
2021-07-28 00:00:00+00:00,0.0001
2021-07-28 08:00:00.002000+00:00,0.0001
2021-07-28 16:00:00.005000+00:00,0.0001
2021-07-29 00:00:00.004000+00:00,0.0001
2021-07-29 08:00:00+00:00,0.0001
2021-07-29 16:00:00.007000+00:00,0.0001
2021-07-30 00:00:00.004000+00:00,0.0001
2021-07-30 08:00:00+00:00,0.0001
2021-07-30 16:00:00+00:00,0.0001
2021-07-31 00:00:00+00:00,0.0001
2021-07-31 08:00:00.014000+00:00,0.0001
2021-07-31 16:00:00.003000+00:00,0.0001
2021-08-01 00:00:00.005000+00:00,0.0001
2021-08-01 08:00:00.016000+00:00,0.0001
2021-08-01 16:00:00.001000+00:00,0.0001
2021-08-02 00:00:00+00:00,0.0001
2021-08-02 08:00:00.014000+00:00,0.0001
2021-08-02 16:00:00.021000+00:00,0.0001
2021-08-03 00:00:00+00:00,0.0001
2021-08-03 08:00:00+00:00,0.0001
2021-08-03 16:00:00.009000+00:00,0.0001
2021-08-04 00:00:00+00:00,0.0001
2021-08-04 08:00:00+00:00,0.0001
2021-08-04 16:00:00.003000+00:00,0.0001
2021-08-05 00:00:00+00:00,0.0001
2021-08-05 08:00:00+00:00,0.0001
2021-08-05 16:00:00.001000+00:00,0.0001
2021-08-06 00:00:00+00:00,0.0001
2021-08-06 08:00:00.004000+00:00,0.0001
2021-08-06 16:00:00.003000+00:00,0.0001
2021-08-07 00:00:00.015000+00:00,0.0001
2021-08-07 08:00:00.001000+00:00,0.0001
2021-08-07 16:00:00.002000+00:00,0.0001
2021-08-08 00:00:00+00:00,0.0001
2021-08-08 08:00:00.002000+00:00,0.0001
2021-08-08 16:00:00.018000+00:00,0.0001
2021-08-09 00:00:00+00:00,0.0001
2021-08-09 08:00:00+00:00,0.0001
2021-08-09 16:00:00.002000+00:00,0.0001
2021-08-10 00:00:00+00:00,0.0001
2021-08-10 08:00:00.003000+00:00,0.0001
2021-08-10 16:00:00+00:00,0.0001
2021-08-11 00:00:00.006000+00:00,0.0001
2021-08-11 08:00:00.003000+00:00,0.0001231
2021-08-11 16:00:00+00:00,0.00014626
2021-08-12 00:00:00.013000+00:00,0.0001
2021-08-12 08:00:00.001000+00:00,0.0001
2021-08-12 16:00:00+00:00,0.0001
2021-08-13 00:00:00+00:00,0.0001
2021-08-13 08:00:00+00:00,0.0001
2021-08-13 16:00:00.002000+00:00,0.0001
2021-08-14 00:00:00.006000+00:00,0.0001
2021-08-14 08:00:00+00:00,0.0001
2021-08-14 16:00:00+00:00,0.00020729
2021-08-15 00:00:00.003000+00:00,0.0002377
2021-08-15 08:00:00+00:00,0.00017589
2021-08-15 16:00:00.007000+00:00,0.00021897
2021-08-16 00:00:00.012000+00:00,0.00059072
2021-08-16 08:00:00.003000+00:00,0.00066474
2021-08-16 16:00:00.010000+00:00,0.00036258
2021-08-17 00:00:00.018000+00:00,0.0001
2021-08-17 08:00:00.015000+00:00,0.0001
2021-08-17 16:00:00.006000+00:00,0.0001
2021-08-18 00:00:00+00:00,0.0001
2021-08-18 08:00:00+00:00,0.0001
2021-08-18 16:00:00.011000+00:00,0.0001
2021-08-19 00:00:00+00:00,0.0001
2021-08-19 08:00:00.014000+00:00,0.0001
2021-08-19 16:00:00+00:00,0.0001
2021-08-20 00:00:00+00:00,0.0001
2021-08-20 08:00:00.001000+00:00,0.00027472
2021-08-20 16:00:00.001000+00:00,0.0001707
2021-08-21 00:00:00.005000+00:00,0.00011493
2021-08-21 08:00:00.001000+00:00,0.00055305
2021-08-21 16:00:00+00:00,0.00021147
2021-08-22 00:00:00.005000+00:00,0.00010589
2021-08-22 08:00:00.007000+00:00,0.00031826
2021-08-22 16:00:00.002000+00:00,0.00034098
2021-08-23 00:00:00.003000+00:00,0.00016133
2021-08-23 08:00:00.005000+00:00,0.00041166
2021-08-23 16:00:00.002000+00:00,0.0005754
2021-08-24 00:00:00.006000+00:00,0.0003497
2021-08-24 08:00:00.004000+00:00,0.00039637
2021-08-24 16:00:00+00:00,0.00022655
2021-08-25 00:00:00.015000+00:00,0.0001
2021-08-25 08:00:00+00:00,0.0001
2021-08-25 16:00:00+00:00,0.0001
2021-08-26 00:00:00.001000+00:00,0.0001
2021-08-26 08:00:00.016000+00:00,0.0001
2021-08-26 16:00:00.004000+00:00,0.0001
2021-08-27 00:00:00.013000+00:00,0.0001
2021-08-27 08:00:00.001000+00:00,0.0001
2021-08-27 16:00:00.004000+00:00,0.0001
2021-08-28 00:00:00+00:00,0.0001
2021-08-28 08:00:00+00:00,0.0001
2021-08-28 16:00:00+00:00,0.0001
2021-08-29 00:00:00+00:00,0.0001
2021-08-29 08:00:00.002000+00:00,0.0001
2021-08-29 16:00:00.005000+00:00,0.0001
2021-08-30 00:00:00.013000+00:00,0.0001
2021-08-30 08:00:00.008000+00:00,0.0001
2021-08-30 16:00:00+00:00,0.00014469
2021-08-31 00:00:00+00:00,0.00016118
2021-08-31 08:00:00.007000+00:00,0.00011543
2021-08-31 16:00:00.003000+00:00,0.0001
2021-09-01 00:00:00+00:00,0.0001
2021-09-01 08:00:00.006000+00:00,0.00027912
2021-09-01 16:00:00+00:00,0.00023566
2021-09-02 00:00:00.009000+00:00,0.0001
2021-09-02 08:00:00.006000+00:00,0.00055965
2021-09-02 16:00:00.007000+00:00,0.00048873
2021-09-03 00:00:00.011000+00:00,0.00046606
2021-09-03 08:00:00+00:00,0.00091997
2021-09-03 16:00:00.002000+00:00,0.0005996
2021-09-04 00:00:00.003000+00:00,0.00068904
2021-09-04 08:00:00.008000+00:00,0.00076907
2021-09-04 16:00:00.009000+00:00,0.00078301
2021-09-05 00:00:00.002000+00:00,0.00080198
2021-09-05 08:00:00.002000+00:00,0.00077196
2021-09-05 16:00:00+00:00,0.00092498
2021-09-06 00:00:00.003000+00:00,0.00073705
2021-09-06 08:00:00.008000+00:00,0.00099459
2021-09-06 16:00:00.009000+00:00,0.00051382
2021-09-07 00:00:00.004000+00:00,0.00066018
2021-09-07 08:00:00.002000+00:00,0.00062781
2021-09-07 16:00:00.001000+00:00,-0.00035567
2021-09-08 00:00:00.005000+00:00,0.0001
2021-09-08 08:00:00+00:00,0.0001
2021-09-08 16:00:00+00:00,0.0001
2021-09-09 00:00:00.006000+00:00,0.0001
2021-09-09 08:00:00.014000+00:00,0.0001
2021-09-09 16:00:00.002000+00:00,0.0001
2021-09-10 00:00:00.001000+00:00,0.0001
2021-09-10 08:00:00.018000+00:00,0.0001
2021-09-10 16:00:00.006000+00:00,0.0001
2021-09-11 00:00:00+00:00,0.0001
2021-09-11 08:00:00.001000+00:00,0.0001
2021-09-11 16:00:00+00:00,0.0001
2021-09-12 00:00:00+00:00,0.0001
2021-09-12 08:00:00.002000+00:00,0.0001
2021-09-12 16:00:00+00:00,0.0001
2021-09-13 00:00:00+00:00,0.0001
2021-09-13 08:00:00.007000+00:00,0.0001
2021-09-13 16:00:00.005000+00:00,0.0001
2021-09-14 00:00:00.002000+00:00,0.0001
2021-09-14 08:00:00+00:00,0.0001
2021-09-14 16:00:00.007000+00:00,0.0001
2021-09-15 00:00:00.012000+00:00,0.0001
2021-09-15 08:00:00.003000+00:00,0.0001
2021-09-15 16:00:00.006000+00:00,0.0001
2021-09-16 00:00:00.008000+00:00,0.0001
2021-09-16 08:00:00.005000+00:00,0.0001
2021-09-16 16:00:00.002000+00:00,0.0001
2021-09-17 00:00:00+00:00,0.0001
2021-09-17 08:00:00.047000+00:00,0.0001
2021-09-17 16:00:00.013000+00:00,0.0001
2021-09-18 00:00:00+00:00,0.0001
2021-09-18 08:00:00.010000+00:00,0.0001
2021-09-18 16:00:00.005000+00:00,0.0001
2021-09-19 00:00:00.006000+00:00,0.0001
2021-09-19 08:00:00.015000+00:00,0.0001
2021-09-19 16:00:00.007000+00:00,0.0001
2021-09-20 00:00:00.018000+00:00,0.0001
2021-09-20 08:00:00+00:00,0.0001
2021-09-20 16:00:00.005000+00:00,0.0001
2021-09-21 00:00:00.005000+00:00,0.0001
2021-09-21 08:00:00.007000+00:00,0.0001
2021-09-21 16:00:00+00:00,0.0001
2021-09-22 00:00:00.005000+00:00,0.0001
2021-09-22 08:00:00.006000+00:00,0.0001
2021-09-22 16:00:00+00:00,0.0001
2021-09-23 00:00:00.003000+00:00,0.0001
2021-09-23 08:00:00+00:00,0.0001
2021-09-23 16:00:00.007000+00:00,0.0001
2021-09-24 00:00:00+00:00,0.0001
2021-09-24 08:00:00.017000+00:00,0.0001
2021-09-24 16:00:00+00:00,0.0001
2021-09-25 00:00:00.007000+00:00,0.0001
2021-09-25 08:00:00.002000+00:00,0.0001
2021-09-25 16:00:00.004000+00:00,0.0001
2021-09-26 00:00:00.013000+00:00,0.0001
2021-09-26 08:00:00+00:00,0.0001
2021-09-26 16:00:00.005000+00:00,0.0001
2021-09-27 00:00:00+00:00,0.0001
2021-09-27 08:00:00.001000+00:00,0.0001
2021-09-27 16:00:00+00:00,0.0001
2021-09-28 00:00:00+00:00,0.0001
2021-09-28 08:00:00.014000+00:00,0.0001
2021-09-28 16:00:00+00:00,0.0001
2021-09-29 00:00:00+00:00,0.0001
2021-09-29 08:00:00.002000+00:00,0.0001
2021-09-29 16:00:00+00:00,0.0001
2021-09-30 00:00:00+00:00,0.0001
2021-09-30 08:00:00.004000+00:00,0.0001
2021-09-30 16:00:00.005000+00:00,0.0001
2021-10-01 00:00:00.012000+00:00,0.0001
2021-10-01 08:00:00.008000+00:00,0.0001
2021-10-01 16:00:00+00:00,0.0001
2021-10-02 00:00:00+00:00,0.0001
2021-10-02 08:00:00.002000+00:00,0.0001
2021-10-02 16:00:00.011000+00:00,0.0001
2021-10-03 00:00:00.019000+00:00,0.0001
2021-10-03 08:00:00.011000+00:00,0.0001
2021-10-03 16:00:00.004000+00:00,0.0001
2021-10-04 00:00:00.004000+00:00,0.0001
2021-10-04 08:00:00+00:00,0.0001
2021-10-04 16:00:00+00:00,0.0001
2021-10-05 00:00:00.007000+00:00,0.0001
2021-10-05 08:00:00.007000+00:00,0.0001
2021-10-05 16:00:00.004000+00:00,0.0001
2021-10-06 00:00:00.002000+00:00,0.0001
2021-10-06 08:00:00+00:00,0.0001
2021-10-06 16:00:00.003000+00:00,0.0001
2021-10-07 00:00:00.007000+00:00,0.0001
2021-10-07 08:00:00.002000+00:00,0.0001
2021-10-07 16:00:00+00:00,0.00029669
2021-10-08 00:00:00.011000+00:00,0.00016274
2021-10-08 08:00:00.003000+00:00,0.00012804
2021-10-08 16:00:00.002000+00:00,0.0001
2021-10-09 00:00:00.006000+00:00,0.0001
2021-10-09 08:00:00.003000+00:00,0.0001
2021-10-09 16:00:00+00:00,0.00015594
2021-10-10 00:00:00+00:00,0.0001
2021-10-10 08:00:00.008000+00:00,0.00024856
2021-10-10 16:00:00+00:00,0.00016372
2021-10-11 00:00:00.002000+00:00,0.0001
2021-10-11 08:00:00.001000+00:00,0.0001
2021-10-11 16:00:00.006000+00:00,0.0001
2021-10-12 00:00:00.008000+00:00,0.0001
2021-10-12 08:00:00.013000+00:00,0.0001
2021-10-12 16:00:00.003000+00:00,0.0001
2021-10-13 00:00:00.003000+00:00,0.0001
2021-10-13 08:00:00.015000+00:00,0.0001
2021-10-13 16:00:00+00:00,0.0001
2021-10-14 00:00:00.011000+00:00,0.0001
2021-10-14 08:00:00.017000+00:00,0.0001
2021-10-14 16:00:00+00:00,0.00025647
2021-10-15 00:00:00.005000+00:00,0.0001
2021-10-15 08:00:00.002000+00:00,0.00019636
2021-10-15 16:00:00.005000+00:00,0.00021201
2021-10-16 00:00:00.009000+00:00,0.00037082
2021-10-16 08:00:00+00:00,0.00043578
2021-10-16 16:00:00.003000+00:00,0.00038032
2021-10-17 00:00:00.001000+00:00,0.00030548
2021-10-17 08:00:00.002000+00:00,0.00033988
2021-10-17 16:00:00.002000+00:00,0.00013612
2021-10-18 00:00:00.006000+00:00,0.0001
2021-10-18 08:00:00.004000+00:00,0.0001
2021-10-18 16:00:00.001000+00:00,0.0001
2021-10-19 00:00:00.002000+00:00,0.0001
2021-10-19 08:00:00+00:00,0.0001
2021-10-19 16:00:00+00:00,0.0001
2021-10-20 00:00:00.017000+00:00,0.0001
2021-10-20 08:00:00.004000+00:00,0.0001
2021-10-20 16:00:00.020000+00:00,0.00036383
2021-10-21 00:00:00+00:00,0.00055899
2021-10-21 08:00:00+00:00,0.00052563
2021-10-21 16:00:00.008000+00:00,0.0005229
2021-10-22 00:00:00.005000+00:00,0.00013781
2021-10-22 08:00:00.005000+00:00,0.0001
2021-10-22 16:00:00.018000+00:00,0.0001
2021-10-23 00:00:00.005000+00:00,0.00020794
2021-10-23 08:00:00.001000+00:00,0.0001
2021-10-23 16:00:00.004000+00:00,0.00019854
2021-10-24 00:00:00.006000+00:00,0.0005433
2021-10-24 08:00:00.012000+00:00,0.00052073
2021-10-24 16:00:00.001000+00:00,0.00053284
2021-10-25 00:00:00.012000+00:00,0.0001
2021-10-25 08:00:00.002000+00:00,0.00050507
2021-10-25 16:00:00.022000+00:00,0.00049813
2021-10-26 00:00:00.005000+00:00,0.00053944
2021-10-26 08:00:00.016000+00:00,0.00073204
2021-10-26 16:00:00+00:00,0.00067897
2021-10-27 00:00:00.004000+00:00,0.00030351
2021-10-27 08:00:00+00:00,0.00060428
2021-10-27 16:00:00.002000+00:00,0.0001
2021-10-28 00:00:00.002000+00:00,0.0001
2021-10-28 08:00:00+00:00,0.0001
2021-10-28 16:00:00.005000+00:00,0.0001
2021-10-29 00:00:00+00:00,0.0001
2021-10-29 08:00:00.007000+00:00,0.0001
2021-10-29 16:00:00.001000+00:00,0.0001
2021-10-30 00:00:00+00:00,0.00013544
2021-10-30 08:00:00.001000+00:00,0.00030337
2021-10-30 16:00:00.013000+00:00,0.00027991
2021-10-31 00:00:00.008000+00:00,0.00034631
2021-10-31 08:00:00.010000+00:00,0.00014596
2021-10-31 16:00:00.001000+00:00,0.0002945
2021-11-01 00:00:00.009000+00:00,0.0002584
2021-11-01 08:00:00.014000+00:00,0.00036371
2021-11-01 16:00:00.001000+00:00,0.00019845
2021-11-02 00:00:00+00:00,0.00031497
2021-11-02 08:00:00.007000+00:00,0.00033977
2021-11-02 16:00:00.010000+00:00,0.00073358
2021-11-03 00:00:00.019000+00:00,0.00049535
2021-11-03 08:00:00+00:00,0.0004974
2021-11-03 16:00:00.005000+00:00,0.0001
2021-11-04 00:00:00.006000+00:00,0.00027246
2021-11-04 08:00:00.004000+00:00,0.00056556
2021-11-04 16:00:00.004000+00:00,0.00058352
2021-11-05 00:00:00+00:00,0.00034471
2021-11-05 08:00:00.013000+00:00,0.00047028
2021-11-05 16:00:00.016000+00:00,0.0002764
2021-11-06 00:00:00.010000+00:00,0.00037274
2021-11-06 08:00:00+00:00,0.00037704
2021-11-06 16:00:00.007000+00:00,0.00013562
2021-11-07 00:00:00.013000+00:00,0.00020814
2021-11-07 08:00:00.005000+00:00,0.00040666
2021-11-07 16:00:00.004000+00:00,0.00051394
2021-11-08 00:00:00.001000+00:00,0.00045579
2021-11-08 08:00:00+00:00,0.00056639
2021-11-08 16:00:00+00:00,0.0006186
2021-11-09 00:00:00+00:00,0.00038825
2021-11-09 08:00:00.014000+00:00,0.00076465
2021-11-09 16:00:00.001000+00:00,0.00043645
2021-11-10 00:00:00+00:00,0.00033817
2021-11-10 08:00:00.003000+00:00,0.00026726
2021-11-10 16:00:00.001000+00:00,0.00048759
2021-11-11 00:00:00.008000+00:00,0.0001
2021-11-11 08:00:00.012000+00:00,0.0001
2021-11-11 16:00:00.007000+00:00,0.00021187
2021-11-12 00:00:00+00:00,0.0001
2021-11-12 08:00:00+00:00,0.00011359
2021-11-12 16:00:00.004000+00:00,0.0001
2021-11-13 00:00:00+00:00,0.0001
2021-11-13 08:00:00.004000+00:00,0.0001
2021-11-13 16:00:00.006000+00:00,0.0001
2021-11-14 00:00:00.010000+00:00,0.00020923
2021-11-14 08:00:00.001000+00:00,0.0001
2021-11-14 16:00:00+00:00,0.0001
2021-11-15 00:00:00.008000+00:00,0.00014363
2021-11-15 08:00:00+00:00,0.00031537
2021-11-15 16:00:00+00:00,0.00047591
2021-11-16 00:00:00+00:00,0.00015987
2021-11-16 08:00:00.001000+00:00,0.00013983
2021-11-16 16:00:00.018000+00:00,0.0001
2021-11-17 00:00:00.005000+00:00,0.0001
2021-11-17 08:00:00.007000+00:00,0.0001
2021-11-17 16:00:00.003000+00:00,0.0001
2021-11-18 00:00:00.017000+00:00,0.0001
2021-11-18 08:00:00.007000+00:00,0.0001
2021-11-18 16:00:00.011000+00:00,0.0001
2021-11-19 00:00:00+00:00,0.0001
2021-11-19 08:00:00+00:00,0.0001
2021-11-19 16:00:00.005000+00:00,0.0001
2021-11-20 00:00:00.012000+00:00,0.0001
2021-11-20 08:00:00+00:00,0.0001
2021-11-20 16:00:00.007000+00:00,0.0001
2021-11-21 00:00:00+00:00,0.0001
2021-11-21 08:00:00.006000+00:00,0.0001
2021-11-21 16:00:00+00:00,0.0001
2021-11-22 00:00:00.004000+00:00,0.00010059
2021-11-22 08:00:00+00:00,0.0001863
2021-11-22 16:00:00+00:00,0.0001
2021-11-23 00:00:00.004000+00:00,0.0001
2021-11-23 08:00:00.010000+00:00,0.0001
2021-11-23 16:00:00.005000+00:00,0.0001
2021-11-24 00:00:00.001000+00:00,0.0001
2021-11-24 08:00:00.003000+00:00,0.00022994
2021-11-24 16:00:00.010000+00:00,0.0001
2021-11-25 00:00:00+00:00,0.0001
2021-11-25 08:00:00.010000+00:00,0.0001
2021-11-25 16:00:00+00:00,0.00013498
2021-11-26 00:00:00+00:00,0.00069906
2021-11-26 08:00:00+00:00,0.00043981
2021-11-26 16:00:00.016000+00:00,0.0001
2021-11-27 00:00:00.005000+00:00,0.0001
2021-11-27 08:00:00.008000+00:00,0.0001
2021-11-27 16:00:00.007000+00:00,0.0001
2021-11-28 00:00:00.018000+00:00,0.0001
2021-11-28 08:00:00+00:00,0.0001
2021-11-28 16:00:00.004000+00:00,0.0001
2021-11-29 00:00:00.002000+00:00,0.0001
2021-11-29 08:00:00.004000+00:00,0.0001
2021-11-29 16:00:00+00:00,0.0001
2021-11-30 00:00:00+00:00,0.0001
2021-11-30 08:00:00.006000+00:00,0.0001
2021-11-30 16:00:00+00:00,0.0001
2021-12-01 00:00:00+00:00,0.0001
2021-12-01 08:00:00+00:00,0.0001
2021-12-01 16:00:00.001000+00:00,0.00011762
2021-12-02 00:00:00+00:00,0.0001
2021-12-02 08:00:00.007000+00:00,0.0001
2021-12-02 16:00:00.008000+00:00,0.0001
2021-12-03 00:00:00.004000+00:00,0.0001
2021-12-03 08:00:00.002000+00:00,0.0001
2021-12-03 16:00:00.006000+00:00,0.0001
2021-12-04 00:00:00.006000+00:00,0.0001
2021-12-04 08:00:00.004000+00:00,0.0001
2021-12-04 16:00:00+00:00,0.0001
2021-12-05 00:00:00.003000+00:00,0.0001
2021-12-05 08:00:00.008000+00:00,0.0001
2021-12-05 16:00:00.007000+00:00,0.0001
2021-12-06 00:00:00.009000+00:00,0.0001
2021-12-06 08:00:00.001000+00:00,0.0001
2021-12-06 16:00:00+00:00,0.0001
2021-12-07 00:00:00.018000+00:00,0.0001
2021-12-07 08:00:00+00:00,0.0001
2021-12-07 16:00:00+00:00,0.0001
2021-12-08 00:00:00+00:00,0.0001
2021-12-08 08:00:00.018000+00:00,0.0001
2021-12-08 16:00:00.010000+00:00,0.0001
2021-12-09 00:00:00.010000+00:00,0.0001
2021-12-09 08:00:00+00:00,0.0001
2021-12-09 16:00:00+00:00,0.0001
2021-12-10 00:00:00+00:00,0.0001
2021-12-10 08:00:00.008000+00:00,0.0001
2021-12-10 16:00:00.012000+00:00,0.0001
2021-12-11 00:00:00.009000+00:00,0.0001
2021-12-11 08:00:00.008000+00:00,0.0001
2021-12-11 16:00:00+00:00,0.0001
2021-12-12 00:00:00.001000+00:00,0.0001
2021-12-12 08:00:00.015000+00:00,0.0001
2021-12-12 16:00:00.011000+00:00,0.0001
2021-12-13 00:00:00.006000+00:00,0.0001
2021-12-13 08:00:00.019000+00:00,0.0001
2021-12-13 16:00:00+00:00,0.0001
2021-12-14 00:00:00.004000+00:00,0.0001
2021-12-14 08:00:00+00:00,0.0001
2021-12-14 16:00:00.015000+00:00,0.0001
2021-12-15 00:00:00+00:00,0.0001
2021-12-15 08:00:00.008000+00:00,0.0001
2021-12-15 16:00:00.005000+00:00,0.0001
2021-12-16 00:00:00.006000+00:00,0.0001
2021-12-16 08:00:00.009000+00:00,0.0001
2021-12-16 16:00:00+00:00,0.0001
2021-12-17 00:00:00+00:00,0.0001
2021-12-17 08:00:00.005000+00:00,0.0001
2021-12-17 16:00:00.006000+00:00,0.0001
2021-12-18 00:00:00.014000+00:00,0.0001
2021-12-18 08:00:00.012000+00:00,0.0001
2021-12-18 16:00:00+00:00,0.0001
2021-12-19 00:00:00.031000+00:00,0.0001
2021-12-19 08:00:00+00:00,0.0001
2021-12-19 16:00:00.003000+00:00,0.0001
2021-12-20 00:00:00.015000+00:00,0.0001
2021-12-20 08:00:00.007000+00:00,0.0001
2021-12-20 16:00:00.005000+00:00,0.0001
2021-12-21 00:00:00.003000+00:00,0.0001
2021-12-21 08:00:00.012000+00:00,0.0001
2021-12-21 16:00:00.005000+00:00,0.0001
2021-12-22 00:00:00+00:00,0.0001
2021-12-22 08:00:00.001000+00:00,0.0001
2021-12-22 16:00:00.006000+00:00,0.0001
2021-12-23 00:00:00.011000+00:00,0.0001
2021-12-23 08:00:00+00:00,0.0001
2021-12-23 16:00:00+00:00,0.0001
2021-12-24 00:00:00.005000+00:00,0.0001
2021-12-24 08:00:00+00:00,0.0001
2021-12-24 16:00:00.011000+00:00,0.0001
2021-12-25 00:00:00+00:00,0.0001
2021-12-25 08:00:00.001000+00:00,0.0001
2021-12-25 16:00:00.005000+00:00,0.0001
2021-12-26 00:00:00.004000+00:00,0.0001
2021-12-26 08:00:00.002000+00:00,0.0001
2021-12-26 16:00:00+00:00,0.0001
2021-12-27 00:00:00.002000+00:00,0.0001
2021-12-27 08:00:00.005000+00:00,0.0001
2021-12-27 16:00:00+00:00,0.0001
2021-12-28 00:00:00+00:00,0.0001
2021-12-28 08:00:00.012000+00:00,0.0001
2021-12-28 16:00:00+00:00,0.0001
2021-12-29 00:00:00.006000+00:00,0.0001
2021-12-29 08:00:00.003000+00:00,0.0001
2021-12-29 16:00:00.004000+00:00,0.0001
2021-12-30 00:00:00.003000+00:00,0.0001
2021-12-30 08:00:00.001000+00:00,0.0001
2021-12-30 16:00:00.017000+00:00,0.0001
2021-12-31 00:00:00.006000+00:00,5.404e-05
2021-12-31 08:00:00.009000+00:00,0.0001
2021-12-31 16:00:00+00:00,0.0001
2022-01-01 00:00:00.006000+00:00,0.0001
2022-01-01 08:00:00.009000+00:00,0.0001
2022-01-01 16:00:00+00:00,0.0001
2022-01-02 00:00:00.028000+00:00,0.0001
2022-01-02 08:00:00+00:00,0.0001
2022-01-02 16:00:00+00:00,0.0001
2022-01-03 00:00:00.010000+00:00,0.0001
2022-01-03 08:00:00.013000+00:00,0.0001
2022-01-03 16:00:00.018000+00:00,0.0001
2022-01-04 00:00:00+00:00,0.0001
2022-01-04 08:00:00.010000+00:00,0.0001
2022-01-04 16:00:00.002000+00:00,0.0001
2022-01-05 00:00:00.001000+00:00,0.0001
2022-01-05 08:00:00.017000+00:00,0.0001
2022-01-05 16:00:00+00:00,0.0001
2022-01-06 00:00:00.002000+00:00,0.0001
2022-01-06 08:00:00.021000+00:00,0.0001
2022-01-06 16:00:00.006000+00:00,0.0001
2022-01-07 00:00:00.005000+00:00,0.0001
2022-01-07 08:00:00+00:00,0.0001
2022-01-07 16:00:00.001000+00:00,0.0001
2022-01-08 00:00:00.014000+00:00,-1.772e-05
2022-01-08 08:00:00.013000+00:00,-0.00017422
2022-01-08 16:00:00+00:00,0.0001
2022-01-09 00:00:00.003000+00:00,0.0001
2022-01-09 08:00:00+00:00,0.0001
2022-01-09 16:00:00+00:00,0.0001
2022-01-10 00:00:00+00:00,-2.728e-05
2022-01-10 08:00:00.010000+00:00,-3.529e-05
2022-01-10 16:00:00.007000+00:00,0.0001
2022-01-11 00:00:00.013000+00:00,0.0001
2022-01-11 08:00:00.004000+00:00,0.0001
2022-01-11 16:00:00+00:00,0.0001
2022-01-12 00:00:00.012000+00:00,0.0001
2022-01-12 08:00:00.015000+00:00,0.0001
2022-01-12 16:00:00+00:00,0.0001
2022-01-13 00:00:00.007000+00:00,0.0001
2022-01-13 08:00:00+00:00,0.0001
2022-01-13 16:00:00.014000+00:00,0.0001
2022-01-14 00:00:00+00:00,0.0001
2022-01-14 08:00:00.006000+00:00,0.0001
2022-01-14 16:00:00.014000+00:00,0.0001
2022-01-15 00:00:00+00:00,0.0001
2022-01-15 08:00:00.002000+00:00,0.0001
2022-01-15 16:00:00+00:00,0.0001
2022-01-16 00:00:00+00:00,0.0001
2022-01-16 08:00:00.017000+00:00,0.0001
2022-01-16 16:00:00.011000+00:00,0.0001
2022-01-17 00:00:00.005000+00:00,0.0001
2022-01-17 08:00:00.006000+00:00,0.0001
2022-01-17 16:00:00.012000+00:00,0.0001
2022-01-18 00:00:00.020000+00:00,0.0001
2022-01-18 08:00:00+00:00,0.0001
2022-01-18 16:00:00.013000+00:00,0.0001
2022-01-19 00:00:00.001000+00:00,0.0001
2022-01-19 08:00:00+00:00,5.718e-05
2022-01-19 16:00:00+00:00,0.0001
2022-01-20 00:00:00.015000+00:00,0.0001
2022-01-20 08:00:00+00:00,0.0001
2022-01-20 16:00:00+00:00,0.0001
2022-01-21 00:00:00.007000+00:00,0.0001
2022-01-21 08:00:00.015000+00:00,7.435e-05
2022-01-21 16:00:00+00:00,2.777e-05
2022-01-22 00:00:00.017000+00:00,0.0001
2022-01-22 08:00:00.003000+00:00,0.0001
2022-01-22 16:00:00.021000+00:00,6.517e-05
2022-01-23 00:00:00.026000+00:00,0.0001
2022-01-23 08:00:00.010000+00:00,9.823e-05
2022-01-23 16:00:00.009000+00:00,7.386e-05
2022-01-24 00:00:00.010000+00:00,9.876e-05
2022-01-24 08:00:00+00:00,0.0001
2022-01-24 16:00:00.021000+00:00,0.0001
2022-01-25 00:00:00+00:00,0.0001
2022-01-25 08:00:00+00:00,0.0001
2022-01-25 16:00:00.012000+00:00,0.0001
2022-01-26 00:00:00+00:00,0.0001
2022-01-26 08:00:00.001000+00:00,0.0001
2022-01-26 16:00:00.005000+00:00,7.915e-05
2022-01-27 00:00:00.004000+00:00,2.761e-05
2022-01-27 08:00:00.004000+00:00,3.476e-05
2022-01-27 16:00:00.019000+00:00,9.92e-06
2022-01-28 00:00:00+00:00,5.961e-05
2022-01-28 08:00:00+00:00,7.94e-06
2022-01-28 16:00:00.025000+00:00,0.0001
2022-01-29 00:00:00.017000+00:00,0.0001
2022-01-29 08:00:00+00:00,-3.557e-05
2022-01-29 16:00:00.013000+00:00,0.0001
2022-01-30 00:00:00.025000+00:00,5.045e-05
2022-01-30 08:00:00.009000+00:00,0.0001
2022-01-30 16:00:00+00:00,0.0001
2022-01-31 00:00:00+00:00,0.0001
2022-01-31 08:00:00+00:00,1.3e-05
2022-01-31 16:00:00+00:00,5.865e-05
2022-02-01 00:00:00.010000+00:00,3.484e-05
2022-02-01 08:00:00+00:00,0.0001
2022-02-01 16:00:00.004000+00:00,0.0001
2022-02-02 00:00:00.004000+00:00,0.0001
2022-02-02 08:00:00+00:00,3.905e-05
2022-02-02 16:00:00.002000+00:00,3.319e-05
2022-02-03 00:00:00.002000+00:00,-1.552e-05
2022-02-03 08:00:00+00:00,6.112e-05
2022-02-03 16:00:00+00:00,0.0001
2022-02-04 00:00:00.018000+00:00,7.69e-05
2022-02-04 08:00:00.005000+00:00,-9.92e-06
2022-02-04 16:00:00.010000+00:00,0.0001
2022-02-05 00:00:00.014000+00:00,8.18e-06
2022-02-05 08:00:00+00:00,0.0001
2022-02-05 16:00:00+00:00,0.0001
2022-02-06 00:00:00+00:00,0.0001
2022-02-06 08:00:00+00:00,3.16e-05
2022-02-06 16:00:00+00:00,0.0001
2022-02-07 00:00:00.003000+00:00,0.0001
2022-02-07 08:00:00.014000+00:00,9.23e-05
2022-02-07 16:00:00.003000+00:00,1.334e-05
2022-02-08 00:00:00.001000+00:00,0.0001
2022-02-08 08:00:00.003000+00:00,0.0001
2022-02-08 16:00:00.002000+00:00,0.0001
2022-02-09 00:00:00+00:00,0.0001
2022-02-09 08:00:00.005000+00:00,0.0001
2022-02-09 16:00:00.001000+00:00,0.0001
2022-02-10 00:00:00.012000+00:00,4.925e-05
2022-02-10 08:00:00+00:00,-1.284e-05
2022-02-10 16:00:00.006000+00:00,8.205e-05
2022-02-11 00:00:00+00:00,0.0001
2022-02-11 08:00:00.009000+00:00,0.0001
2022-02-11 16:00:00.015000+00:00,0.0001
2022-02-12 00:00:00.020000+00:00,0.0001
2022-02-12 08:00:00.001000+00:00,0.0001
2022-02-12 16:00:00.007000+00:00,9.861e-05
2022-02-13 00:00:00.022000+00:00,0.0001
2022-02-13 08:00:00.001000+00:00,0.0001
2022-02-13 16:00:00.007000+00:00,0.0001
2022-02-14 00:00:00.005000+00:00,0.0001
2022-02-14 08:00:00.013000+00:00,5.498e-05
2022-02-14 16:00:00.019000+00:00,0.0001
2022-02-15 00:00:00.012000+00:00,3.083e-05
2022-02-15 08:00:00.005000+00:00,2.978e-05
2022-02-15 16:00:00.011000+00:00,0.0001
2022-02-16 00:00:00.009000+00:00,0.0001
2022-02-16 08:00:00.001000+00:00,0.0001
2022-02-16 16:00:00.014000+00:00,8.444e-05
2022-02-17 00:00:00.018000+00:00,0.0001
2022-02-17 08:00:00+00:00,0.0001
2022-02-17 16:00:00.010000+00:00,0.0001
2022-02-18 00:00:00+00:00,0.0001
2022-02-18 08:00:00.002000+00:00,6.662e-05
2022-02-18 16:00:00+00:00,0.0001
2022-02-19 00:00:00.007000+00:00,0.0001
2022-02-19 08:00:00+00:00,0.0001
2022-02-19 16:00:00.023000+00:00,-5.772e-05
2022-02-20 00:00:00.001000+00:00,8.119e-05
2022-02-20 08:00:00.003000+00:00,3.28e-06
2022-02-20 16:00:00.001000+00:00,2.841e-05
2022-02-21 00:00:00+00:00,-0.0001109
2022-02-21 08:00:00.001000+00:00,-0.00019041
2022-02-21 16:00:00.005000+00:00,-1.535e-05
2022-02-22 00:00:00.005000+00:00,4.53e-06
2022-02-22 08:00:00+00:00,0.0001
2022-02-22 16:00:00+00:00,-0.00014941
2022-02-23 00:00:00.002000+00:00,-0.00013497
2022-02-23 08:00:00.005000+00:00,-9.031e-05
2022-02-23 16:00:00.010000+00:00,-5.14e-06
2022-02-24 00:00:00.008000+00:00,5.346e-05
2022-02-24 08:00:00.003000+00:00,-4.769e-05
2022-02-24 16:00:00.001000+00:00,-6.767e-05
2022-02-25 00:00:00+00:00,3.577e-05
2022-02-25 08:00:00.006000+00:00,8.148e-05
2022-02-25 16:00:00.001000+00:00,5.19e-05
2022-02-26 00:00:00.004000+00:00,8.541e-05
2022-02-26 08:00:00.004000+00:00,-1.81e-06
2022-02-26 16:00:00.007000+00:00,4.889e-05
2022-02-27 00:00:00.012000+00:00,-0.00020643
2022-02-27 08:00:00+00:00,-4.501e-05
2022-02-27 16:00:00+00:00,0.0001
2022-02-28 00:00:00+00:00,-8.211e-05
2022-02-28 08:00:00.001000+00:00,-2.818e-05
2022-02-28 16:00:00.002000+00:00,3.015e-05
2022-03-01 00:00:00.002000+00:00,-3.589e-05
2022-03-01 08:00:00.001000+00:00,0.0001
2022-03-01 16:00:00+00:00,0.0001
2022-03-02 00:00:00+00:00,7.778e-05
2022-03-02 08:00:00+00:00,0.0001
2022-03-02 16:00:00.002000+00:00,5.774e-05
2022-03-03 00:00:00+00:00,-0.00026335
2022-03-03 08:00:00+00:00,-0.00018119
2022-03-03 16:00:00.005000+00:00,6.84e-06
2022-03-04 00:00:00.018000+00:00,2.599e-05
2022-03-04 08:00:00+00:00,0.0001
2022-03-04 16:00:00+00:00,0.0001
2022-03-05 00:00:00.006000+00:00,0.0001
2022-03-05 08:00:00.004000+00:00,2.536e-05
2022-03-05 16:00:00+00:00,0.0001
2022-03-06 00:00:00.004000+00:00,0.0001
2022-03-06 08:00:00+00:00,0.0001
2022-03-06 16:00:00.013000+00:00,0.0001
2022-03-07 00:00:00.008000+00:00,3.799e-05
2022-03-07 08:00:00.006000+00:00,-9.837e-05
2022-03-07 16:00:00+00:00,4.537e-05
2022-03-08 00:00:00.008000+00:00,3.915e-05
2022-03-08 08:00:00.002000+00:00,3.781e-05
2022-03-08 16:00:00+00:00,-1.197e-05
2022-03-09 00:00:00.008000+00:00,3.902e-05
2022-03-09 08:00:00+00:00,5.871e-05
2022-03-09 16:00:00.004000+00:00,0.0001
2022-03-10 00:00:00+00:00,0.0001
2022-03-10 08:00:00.017000+00:00,0.0001
2022-03-10 16:00:00+00:00,0.0001
2022-03-11 00:00:00.008000+00:00,-0.00019019
2022-03-11 08:00:00+00:00,-0.00029161
2022-03-11 16:00:00.001000+00:00,-5.114e-05
2022-03-12 00:00:00.010000+00:00,-0.0001854
2022-03-12 08:00:00.001000+00:00,0.0001
2022-03-12 16:00:00.002000+00:00,-1.273e-05
2022-03-13 00:00:00.008000+00:00,-0.00028682
2022-03-13 08:00:00+00:00,-0.00012745
2022-03-13 16:00:00.002000+00:00,-7.11e-06
2022-03-14 00:00:00.014000+00:00,-5.868e-05
2022-03-14 08:00:00.005000+00:00,-0.00019214
2022-03-14 16:00:00.002000+00:00,-0.00025117
2022-03-15 00:00:00.008000+00:00,-6.275e-05
2022-03-15 08:00:00+00:00,-0.00019406
2022-03-15 16:00:00.006000+00:00,0.0001
2022-03-16 00:00:00.013000+00:00,3.6e-07
2022-03-16 08:00:00+00:00,-0.00048428
2022-03-16 16:00:00.008000+00:00,-0.00032998
2022-03-17 00:00:00.004000+00:00,-9.564e-05
2022-03-17 08:00:00+00:00,0.0001
2022-03-17 16:00:00.004000+00:00,0.0001
2022-03-18 00:00:00+00:00,0.0001
2022-03-18 08:00:00+00:00,0.0001
2022-03-18 16:00:00.017000+00:00,0.0001
2022-03-19 00:00:00.008000+00:00,0.0001
2022-03-19 08:00:00.015000+00:00,0.0001
2022-03-19 16:00:00+00:00,0.0001
2022-03-20 00:00:00+00:00,0.0001
2022-03-20 08:00:00.001000+00:00,0.0001
2022-03-20 16:00:00.002000+00:00,0.0001
2022-03-21 00:00:00.013000+00:00,0.0001
2022-03-21 08:00:00.004000+00:00,0.0001
2022-03-21 16:00:00.010000+00:00,0.0001
2022-03-22 00:00:00.012000+00:00,0.0001
2022-03-22 08:00:00.001000+00:00,0.0001
2022-03-22 16:00:00.022000+00:00,0.0001
2022-03-23 00:00:00.007000+00:00,0.0001
2022-03-23 08:00:00+00:00,0.0001
2022-03-23 16:00:00.006000+00:00,0.0001
2022-03-24 00:00:00.013000+00:00,0.0001
2022-03-24 08:00:00.006000+00:00,0.0001
2022-03-24 16:00:00.020000+00:00,0.0001
2022-03-25 00:00:00.010000+00:00,0.0001
2022-03-25 08:00:00.001000+00:00,0.0001
2022-03-25 16:00:00.014000+00:00,0.0001
2022-03-26 00:00:00.020000+00:00,0.0001
2022-03-26 08:00:00.006000+00:00,0.0001
2022-03-26 16:00:00+00:00,0.0001
2022-03-27 00:00:00.004000+00:00,0.0001
2022-03-27 08:00:00.001000+00:00,0.0001
2022-03-27 16:00:00.006000+00:00,0.0001
2022-03-28 00:00:00.012000+00:00,0.0001
2022-03-28 08:00:00.007000+00:00,0.0001
2022-03-28 16:00:00+00:00,0.0001
2022-03-29 00:00:00+00:00,0.0001
2022-03-29 08:00:00.015000+00:00,0.0001
2022-03-29 16:00:00+00:00,0.0001
2022-03-30 00:00:00+00:00,0.0001
2022-03-30 08:00:00.002000+00:00,0.0001
2022-03-30 16:00:00.028000+00:00,0.0001
2022-03-31 00:00:00.017000+00:00,0.0001
2022-03-31 08:00:00+00:00,0.0001
2022-03-31 16:00:00.015000+00:00,0.0001
2022-04-01 00:00:00+00:00,0.0001
2022-04-01 08:00:00+00:00,0.0001
2022-04-01 16:00:00.018000+00:00,0.0001
2022-04-02 00:00:00+00:00,0.0001
2022-04-02 08:00:00.002000+00:00,0.0001
2022-04-02 16:00:00.006000+00:00,0.0001
2022-04-03 00:00:00.018000+00:00,0.0001
2022-04-03 08:00:00.018000+00:00,0.0001
2022-04-03 16:00:00.015000+00:00,0.0001
2022-04-04 00:00:00.006000+00:00,0.0001
2022-04-04 08:00:00+00:00,0.0001
2022-04-04 16:00:00.016000+00:00,0.0001
2022-04-05 00:00:00+00:00,0.0001
2022-04-05 08:00:00.010000+00:00,0.0001
2022-04-05 16:00:00.008000+00:00,0.0001
2022-04-06 00:00:00.001000+00:00,0.0001
2022-04-06 08:00:00.021000+00:00,0.0001
2022-04-06 16:00:00+00:00,0.0001
2022-04-07 00:00:00.009000+00:00,0.0001
2022-04-07 08:00:00+00:00,0.0001
2022-04-07 16:00:00+00:00,0.0001
2022-04-08 00:00:00+00:00,0.0001
2022-04-08 08:00:00.004000+00:00,0.0001
2022-04-08 16:00:00.008000+00:00,0.0001
2022-04-09 00:00:00.008000+00:00,0.0001
2022-04-09 08:00:00+00:00,0.0001
2022-04-09 16:00:00.001000+00:00,0.0001
2022-04-10 00:00:00.004000+00:00,0.0001
2022-04-10 08:00:00.007000+00:00,0.0001
2022-04-10 16:00:00.016000+00:00,0.0001
2022-04-11 00:00:00+00:00,0.0001
2022-04-11 08:00:00+00:00,0.0001
2022-04-11 16:00:00.009000+00:00,0.0001
2022-04-12 00:00:00+00:00,0.0001
2022-04-12 08:00:00.006000+00:00,0.0001
2022-04-12 16:00:00.013000+00:00,0.0001
2022-04-13 00:00:00.005000+00:00,0.0001
2022-04-13 08:00:00.008000+00:00,0.0001
2022-04-13 16:00:00.013000+00:00,0.0001
2022-04-14 00:00:00.007000+00:00,0.0001
2022-04-14 08:00:00+00:00,0.0001
2022-04-14 16:00:00.006000+00:00,0.0001
2022-04-15 00:00:00.008000+00:00,0.0001
2022-04-15 08:00:00.002000+00:00,0.0001
2022-04-15 16:00:00+00:00,0.0001
2022-04-16 00:00:00.011000+00:00,0.0001
2022-04-16 08:00:00.007000+00:00,0.0001
2022-04-16 16:00:00.007000+00:00,0.0001
2022-04-17 00:00:00+00:00,0.0001
2022-04-17 08:00:00.004000+00:00,0.0001
2022-04-17 16:00:00+00:00,0.0001
2022-04-18 00:00:00.008000+00:00,0.0001
2022-04-18 08:00:00.012000+00:00,0.0001
2022-04-18 16:00:00+00:00,0.0001
2022-04-19 00:00:00.021000+00:00,0.0001
2022-04-19 08:00:00.031000+00:00,0.0001
2022-04-19 16:00:00+00:00,0.0001
2022-04-20 00:00:00.025000+00:00,0.0001
2022-04-20 08:00:00.003000+00:00,0.0001
2022-04-20 16:00:00+00:00,0.0001
2022-04-21 00:00:00+00:00,0.0001
2022-04-21 08:00:00+00:00,0.0001
2022-04-21 16:00:00.024000+00:00,0.0001
2022-04-22 00:00:00.008000+00:00,0.0001
2022-04-22 08:00:00.008000+00:00,0.0001
2022-04-22 16:00:00.008000+00:00,0.0001
2022-04-23 00:00:00+00:00,0.0001
2022-04-23 08:00:00+00:00,0.0001
2022-04-23 16:00:00.012000+00:00,0.0001
2022-04-24 00:00:00.004000+00:00,0.0001
2022-04-24 08:00:00.003000+00:00,8.633e-05
2022-04-24 16:00:00+00:00,-4.128e-05
2022-04-25 00:00:00.008000+00:00,1.399e-05
2022-04-25 08:00:00.018000+00:00,0.0001
2022-04-25 16:00:00+00:00,8.35e-06
2022-04-26 00:00:00.014000+00:00,0.0001
2022-04-26 08:00:00+00:00,0.0001
2022-04-26 16:00:00.017000+00:00,0.0001
2022-04-27 00:00:00.012000+00:00,9.915e-05
2022-04-27 08:00:00+00:00,0.0001
2022-04-27 16:00:00.002000+00:00,0.0001
2022-04-28 00:00:00+00:00,0.0001
2022-04-28 08:00:00.004000+00:00,0.0001
2022-04-28 16:00:00.030000+00:00,0.0001
2022-04-29 00:00:00+00:00,6.953e-05
2022-04-29 08:00:00.016000+00:00,0.0001
2022-04-29 16:00:00.010000+00:00,0.0001
2022-04-30 00:00:00+00:00,-4.792e-05
2022-04-30 08:00:00.005000+00:00,-3.521e-05
2022-04-30 16:00:00.015000+00:00,-4.654e-05
2022-05-01 00:00:00+00:00,0.0001
2022-05-01 08:00:00+00:00,3.361e-05
2022-05-01 16:00:00.010000+00:00,6.258e-05
2022-05-02 00:00:00.018000+00:00,0.0001
2022-05-02 08:00:00.007000+00:00,0.0001
2022-05-02 16:00:00+00:00,-1.72e-06
2022-05-03 00:00:00.006000+00:00,0.0001
2022-05-03 08:00:00+00:00,0.0001
2022-05-03 16:00:00.021000+00:00,0.0001
2022-05-04 00:00:00.007000+00:00,6.478e-05
2022-05-04 08:00:00.011000+00:00,0.0001
2022-05-04 16:00:00+00:00,8.917e-05
2022-05-05 00:00:00.005000+00:00,0.0001
2022-05-05 08:00:00.019000+00:00,0.0001
2022-05-05 16:00:00.005000+00:00,0.0001
2022-05-06 00:00:00.005000+00:00,-6.761e-05
2022-05-06 08:00:00.001000+00:00,7.089e-05
2022-05-06 16:00:00.010000+00:00,0.0001
2022-05-07 00:00:00.004000+00:00,0.0001
2022-05-07 08:00:00.016000+00:00,0.0001
2022-05-07 16:00:00.011000+00:00,7.635e-05
2022-05-08 00:00:00+00:00,4.785e-05
2022-05-08 08:00:00.007000+00:00,7.581e-05
2022-05-08 16:00:00.015000+00:00,0.0001
2022-05-09 00:00:00+00:00,-6.289e-05
2022-05-09 08:00:00.001000+00:00,6.612e-05
2022-05-09 16:00:00+00:00,0.0001
2022-05-10 00:00:00+00:00,-0.00043727
2022-05-10 08:00:00.007000+00:00,0.0001
2022-05-10 16:00:00.008000+00:00,3.917e-05
2022-05-11 00:00:00.004000+00:00,-5.214e-05
2022-05-11 08:00:00.007000+00:00,-0.00036435
2022-05-11 16:00:00.008000+00:00,-0.00100018
2022-05-12 00:00:00.014000+00:00,-0.00014124
2022-05-12 08:00:00+00:00,-0.0005099
2022-05-12 16:00:00.007000+00:00,9.886e-05
2022-05-13 00:00:00.014000+00:00,-0.0004365
2022-05-13 08:00:00.001000+00:00,0.0001
2022-05-13 16:00:00+00:00,0.0001
2022-05-14 00:00:00+00:00,-0.00029124
2022-05-14 08:00:00+00:00,-7.357e-05
2022-05-14 16:00:00.001000+00:00,-0.0002247
2022-05-15 00:00:00+00:00,-0.00012506
2022-05-15 08:00:00+00:00,-0.00041356
2022-05-15 16:00:00+00:00,-4.22e-06
2022-05-16 00:00:00.021000+00:00,-5.479e-05
2022-05-16 08:00:00.013000+00:00,0.0001
2022-05-16 16:00:00.006000+00:00,2.648e-05
2022-05-17 00:00:00+00:00,-7.087e-05
2022-05-17 08:00:00.010000+00:00,-8.976e-05
2022-05-17 16:00:00.023000+00:00,-6.473e-05
2022-05-18 00:00:00.003000+00:00,2.335e-05
2022-05-18 08:00:00.024000+00:00,2.65e-06
2022-05-18 16:00:00.014000+00:00,-3.5e-05
2022-05-19 00:00:00+00:00,-0.00017806
2022-05-19 08:00:00.008000+00:00,-0.00027377
2022-05-19 16:00:00.015000+00:00,-0.00017357
2022-05-20 00:00:00.001000+00:00,-4.744e-05
2022-05-20 08:00:00.003000+00:00,-4.4e-06
2022-05-20 16:00:00.012000+00:00,9.633e-05
2022-05-21 00:00:00.008000+00:00,3.92e-06
2022-05-21 08:00:00.001000+00:00,-0.00011027
2022-05-21 16:00:00.007000+00:00,-7.45e-05
2022-05-22 00:00:00.003000+00:00,-0.00015091
2022-05-22 08:00:00.016000+00:00,-5.336e-05
2022-05-22 16:00:00+00:00,6.895e-05
2022-05-23 00:00:00.011000+00:00,-6.02e-06
2022-05-23 08:00:00+00:00,8.221e-05
2022-05-23 16:00:00.023000+00:00,0.0001
2022-05-24 00:00:00.011000+00:00,-0.00013383
2022-05-24 08:00:00+00:00,-6.05e-06
2022-05-24 16:00:00.009000+00:00,-0.00014883
2022-05-25 00:00:00.001000+00:00,-7.753e-05
2022-05-25 08:00:00+00:00,4.635e-05
2022-05-25 16:00:00.015000+00:00,7.928e-05
2022-05-26 00:00:00.005000+00:00,8.8e-07
2022-05-26 08:00:00.001000+00:00,2.384e-05
2022-05-26 16:00:00+00:00,-2.234e-05
2022-05-27 00:00:00.007000+00:00,5.615e-05
2022-05-27 08:00:00.008000+00:00,3.246e-05
2022-05-27 16:00:00+00:00,5.5e-07
2022-05-28 00:00:00.018000+00:00,-2.168e-05
2022-05-28 08:00:00.016000+00:00,-5.774e-05
2022-05-28 16:00:00.013000+00:00,1.882e-05
2022-05-29 00:00:00+00:00,3.149e-05
2022-05-29 08:00:00.025000+00:00,-9.279e-05
2022-05-29 16:00:00.002000+00:00,2.52e-05
2022-05-30 00:00:00+00:00,1.682e-05
2022-05-30 08:00:00.013000+00:00,0.0001
2022-05-30 16:00:00.005000+00:00,0.0001
2022-05-31 00:00:00.016000+00:00,9.645e-05
2022-05-31 08:00:00+00:00,0.0001
2022-05-31 16:00:00+00:00,0.0001
2022-06-01 00:00:00+00:00,0.0001
2022-06-01 08:00:00.011000+00:00,0.0001
2022-06-01 16:00:00+00:00,0.0001
2022-06-02 00:00:00+00:00,0.0001
2022-06-02 08:00:00.006000+00:00,9.51e-06
2022-06-02 16:00:00.021000+00:00,5.458e-05
2022-06-03 00:00:00.016000+00:00,0.0001
2022-06-03 08:00:00.016000+00:00,0.0001
2022-06-03 16:00:00.012000+00:00,2.056e-05
2022-06-04 00:00:00.005000+00:00,1.887e-05
2022-06-04 08:00:00+00:00,4.39e-05
2022-06-04 16:00:00.007000+00:00,0.0001
2022-06-05 00:00:00.005000+00:00,0.0001
2022-06-05 08:00:00.015000+00:00,0.0001
2022-06-05 16:00:00+00:00,7.8e-05
2022-06-06 00:00:00+00:00,0.0001
2022-06-06 08:00:00.017000+00:00,0.0001
2022-06-06 16:00:00+00:00,0.0001
2022-06-07 00:00:00+00:00,0.0001
2022-06-07 08:00:00.011000+00:00,3.022e-05
2022-06-07 16:00:00+00:00,0.0001
2022-06-08 00:00:00.008000+00:00,0.0001
2022-06-08 08:00:00.020000+00:00,0.0001
2022-06-08 16:00:00.012000+00:00,0.0001
2022-06-09 00:00:00+00:00,0.0001
2022-06-09 08:00:00+00:00,0.0001
2022-06-09 16:00:00+00:00,9.113e-05
2022-06-10 00:00:00.009000+00:00,-3.786e-05
2022-06-10 08:00:00+00:00,0.0001
2022-06-10 16:00:00.006000+00:00,7.218e-05
2022-06-11 00:00:00.018000+00:00,0.0001
2022-06-11 08:00:00.014000+00:00,0.0001
2022-06-11 16:00:00+00:00,-0.00013619
2022-06-12 00:00:00.015000+00:00,-9.488e-05
2022-06-12 08:00:00.019000+00:00,-4.158e-05
2022-06-12 16:00:00.010000+00:00,8.054e-05
2022-06-13 00:00:00.009000+00:00,-0.00031649
2022-06-13 08:00:00+00:00,3.053e-05
2022-06-13 16:00:00.007000+00:00,0.0001
2022-06-14 00:00:00.013000+00:00,6.373e-05
2022-06-14 08:00:00.008000+00:00,0.0001
2022-06-14 16:00:00.006000+00:00,0.0001
2022-06-15 00:00:00+00:00,0.0001
2022-06-15 08:00:00.016000+00:00,-0.00010033
2022-06-15 16:00:00.008000+00:00,3.066e-05
2022-06-16 00:00:00.009000+00:00,0.0001
2022-06-16 08:00:00.016000+00:00,0.0001
2022-06-16 16:00:00+00:00,0.0001
2022-06-17 00:00:00.008000+00:00,6.695e-05
2022-06-17 08:00:00.003000+00:00,-8.914e-05
2022-06-17 16:00:00+00:00,7.347e-05
2022-06-18 00:00:00.020000+00:00,7.244e-05
2022-06-18 08:00:00.025000+00:00,0.0001
2022-06-18 16:00:00.014000+00:00,0.0001
2022-06-19 00:00:00.012000+00:00,0.0001
2022-06-19 08:00:00.012000+00:00,7.621e-05
2022-06-19 16:00:00.008000+00:00,0.0001
2022-06-20 00:00:00.016000+00:00,0.0001
2022-06-20 08:00:00+00:00,0.0001
2022-06-20 16:00:00.013000+00:00,0.0001
2022-06-21 00:00:00.012000+00:00,0.0001
2022-06-21 08:00:00.018000+00:00,0.0001
2022-06-21 16:00:00.010000+00:00,0.0001
2022-06-22 00:00:00+00:00,0.0001
2022-06-22 08:00:00.001000+00:00,0.0001
2022-06-22 16:00:00.012000+00:00,0.0001
2022-06-23 00:00:00+00:00,0.0001
2022-06-23 08:00:00+00:00,0.0001
2022-06-23 16:00:00.016000+00:00,0.0001
2022-06-24 00:00:00.005000+00:00,0.0001
2022-06-24 08:00:00.004000+00:00,0.0001
2022-06-24 16:00:00.018000+00:00,0.0001
2022-06-25 00:00:00.001000+00:00,0.0001
2022-06-25 08:00:00.010000+00:00,0.0001
2022-06-25 16:00:00+00:00,0.0001
2022-06-26 00:00:00.002000+00:00,0.0001
2022-06-26 08:00:00.016000+00:00,0.0001
2022-06-26 16:00:00.006000+00:00,0.0001
2022-06-27 00:00:00.008000+00:00,0.0001
2022-06-27 08:00:00+00:00,0.0001
2022-06-27 16:00:00.016000+00:00,0.0001
2022-06-28 00:00:00.016000+00:00,9.992e-05
2022-06-28 08:00:00.001000+00:00,0.0001
2022-06-28 16:00:00.005000+00:00,4.59e-05
2022-06-29 00:00:00+00:00,5.781e-05
2022-06-29 08:00:00.013000+00:00,6.034e-05
2022-06-29 16:00:00+00:00,4.28e-05
2022-06-30 00:00:00+00:00,0.0001
2022-06-30 08:00:00+00:00,8.772e-05
2022-06-30 16:00:00+00:00,5.47e-05
2022-07-01 00:00:00.001000+00:00,8.641e-05
2022-07-01 08:00:00.017000+00:00,2.863e-05
2022-07-01 16:00:00.005000+00:00,8.857e-05
2022-07-02 00:00:00+00:00,7.647e-05
2022-07-02 08:00:00+00:00,0.0001
2022-07-02 16:00:00.008000+00:00,-7.253e-05
2022-07-03 00:00:00.015000+00:00,0.0001
2022-07-03 08:00:00.004000+00:00,0.0001
2022-07-03 16:00:00.005000+00:00,-3.159e-05
2022-07-04 00:00:00.021000+00:00,4e-07
2022-07-04 08:00:00.001000+00:00,4.523e-05
2022-07-04 16:00:00+00:00,5.484e-05
2022-07-05 00:00:00+00:00,0.0001
2022-07-05 08:00:00+00:00,0.0001
2022-07-05 16:00:00.015000+00:00,0.0001
2022-07-06 00:00:00.006000+00:00,0.0001
2022-07-06 08:00:00+00:00,0.0001
2022-07-06 16:00:00+00:00,0.0001
2022-07-07 00:00:00.010000+00:00,0.0001
2022-07-07 08:00:00.010000+00:00,0.0001
2022-07-07 16:00:00.011000+00:00,0.0001
2022-07-08 00:00:00.008000+00:00,0.0001
2022-07-08 08:00:00.009000+00:00,0.0001
2022-07-08 16:00:00+00:00,0.0001
2022-07-09 00:00:00+00:00,0.0001
2022-07-09 08:00:00+00:00,0.0001
2022-07-09 16:00:00.009000+00:00,0.0001
2022-07-10 00:00:00.001000+00:00,0.0001
2022-07-10 08:00:00.002000+00:00,0.0001
2022-07-10 16:00:00.001000+00:00,5.407e-05
2022-07-11 00:00:00+00:00,-7.572e-05
2022-07-11 08:00:00.003000+00:00,-5.914e-05
2022-07-11 16:00:00.001000+00:00,-0.00016642
2022-07-12 00:00:00+00:00,-0.00014825
2022-07-12 08:00:00.021000+00:00,6.6e-05
2022-07-12 16:00:00+00:00,-0.00015652
2022-07-13 00:00:00.012000+00:00,-0.00011743
2022-07-13 08:00:00.022000+00:00,-0.00011627
2022-07-13 16:00:00.005000+00:00,-0.00020953
2022-07-14 00:00:00.017000+00:00,-1.206e-05
2022-07-14 08:00:00.001000+00:00,3.477e-05
2022-07-14 16:00:00+00:00,7.704e-05
2022-07-15 00:00:00.004000+00:00,0.0001
2022-07-15 08:00:00.019000+00:00,8.084e-05
2022-07-15 16:00:00.017000+00:00,8.463e-05
2022-07-16 00:00:00.021000+00:00,0.0001
2022-07-16 08:00:00.014000+00:00,5.641e-05
2022-07-16 16:00:00.005000+00:00,0.0001
2022-07-17 00:00:00+00:00,0.0001
2022-07-17 08:00:00.003000+00:00,7.421e-05
2022-07-17 16:00:00.007000+00:00,2.504e-05
2022-07-18 00:00:00.001000+00:00,4.716e-05
2022-07-18 08:00:00.004000+00:00,0.0001
2022-07-18 16:00:00.019000+00:00,0.0001
2022-07-19 00:00:00+00:00,0.0001
2022-07-19 08:00:00+00:00,0.0001
2022-07-19 16:00:00.001000+00:00,0.0001
2022-07-20 00:00:00.004000+00:00,0.0001
2022-07-20 08:00:00+00:00,0.0001
2022-07-20 16:00:00.003000+00:00,0.0001
2022-07-21 00:00:00+00:00,8.484e-05
2022-07-21 08:00:00.018000+00:00,-1.526e-05
2022-07-21 16:00:00.011000+00:00,0.0001
2022-07-22 00:00:00.014000+00:00,6.386e-05
2022-07-22 08:00:00+00:00,4.602e-05
2022-07-22 16:00:00+00:00,8.285e-05
2022-07-23 00:00:00.004000+00:00,4.207e-05
2022-07-23 08:00:00.002000+00:00,-4.24e-05
2022-07-23 16:00:00.001000+00:00,-4.183e-05
2022-07-24 00:00:00+00:00,-0.00030042
2022-07-24 08:00:00.011000+00:00,2.3e-06
2022-07-24 16:00:00+00:00,2.533e-05
2022-07-25 00:00:00+00:00,-8.5e-07
2022-07-25 08:00:00.014000+00:00,-9.1e-06
2022-07-25 16:00:00.006000+00:00,-0.0002908
2022-07-26 00:00:00.010000+00:00,-3.228e-05
2022-07-26 08:00:00+00:00,-0.0001463
2022-07-26 16:00:00+00:00,-7.892e-05
2022-07-27 00:00:00.008000+00:00,3.159e-05
2022-07-27 08:00:00+00:00,-5.217e-05
2022-07-27 16:00:00.003000+00:00,-0.00013382
2022-07-28 00:00:00.009000+00:00,0.0001
2022-07-28 08:00:00.008000+00:00,0.0001
2022-07-28 16:00:00.013000+00:00,0.0001
2022-07-29 00:00:00+00:00,0.0001
2022-07-29 08:00:00+00:00,0.0001
2022-07-29 16:00:00+00:00,0.0001
2022-07-30 00:00:00.005000+00:00,0.0001
2022-07-30 08:00:00.009000+00:00,0.0001
2022-07-30 16:00:00+00:00,0.0001
2022-07-31 00:00:00.022000+00:00,0.0001
2022-07-31 08:00:00.011000+00:00,0.0001
2022-07-31 16:00:00.019000+00:00,0.0001
2022-08-01 00:00:00.010000+00:00,0.0001
2022-08-01 08:00:00.019000+00:00,0.0001
2022-08-01 16:00:00.017000+00:00,0.0001
2022-08-02 00:00:00+00:00,0.0001
2022-08-02 08:00:00.007000+00:00,0.0001
2022-08-02 16:00:00.014000+00:00,0.0001
2022-08-03 00:00:00.001000+00:00,0.0001
2022-08-03 08:00:00.020000+00:00,0.0001
2022-08-03 16:00:00.008000+00:00,0.0001
2022-08-04 00:00:00.001000+00:00,0.0001
2022-08-04 08:00:00.009000+00:00,0.0001
2022-08-04 16:00:00.015000+00:00,0.0001
2022-08-05 00:00:00.005000+00:00,0.0001
2022-08-05 08:00:00+00:00,0.0001
2022-08-05 16:00:00+00:00,0.0001
2022-08-06 00:00:00.021000+00:00,0.0001
2022-08-06 08:00:00+00:00,0.0001
2022-08-06 16:00:00.015000+00:00,0.0001
2022-08-07 00:00:00.013000+00:00,0.0001
2022-08-07 08:00:00+00:00,0.0001
2022-08-07 16:00:00.014000+00:00,0.0001
2022-08-08 00:00:00.009000+00:00,0.0001
2022-08-08 08:00:00.006000+00:00,0.0001
2022-08-08 16:00:00+00:00,0.0001
2022-08-09 00:00:00.020000+00:00,0.0001
2022-08-09 08:00:00+00:00,0.0001
2022-08-09 16:00:00+00:00,0.0001
2022-08-10 00:00:00+00:00,0.0001
2022-08-10 08:00:00.016000+00:00,0.0001
2022-08-10 16:00:00.018000+00:00,0.0001
2022-08-11 00:00:00.012000+00:00,0.0001
2022-08-11 08:00:00+00:00,0.0001
2022-08-11 16:00:00+00:00,0.0001
2022-08-12 00:00:00.006000+00:00,0.0001
2022-08-12 08:00:00+00:00,0.0001
2022-08-12 16:00:00.005000+00:00,0.0001
2022-08-13 00:00:00.012000+00:00,0.0001
2022-08-13 08:00:00.006000+00:00,0.0001
2022-08-13 16:00:00.018000+00:00,0.0001
2022-08-14 00:00:00+00:00,0.0001
2022-08-14 08:00:00+00:00,0.0001
2022-08-14 16:00:00+00:00,0.0001
2022-08-15 00:00:00.010000+00:00,0.0001
2022-08-15 08:00:00.002000+00:00,-3.16e-06
2022-08-15 16:00:00.010000+00:00,0.0001
2022-08-16 00:00:00.010000+00:00,0.0001
2022-08-16 08:00:00.002000+00:00,0.0001
2022-08-16 16:00:00+00:00,0.0001
2022-08-17 00:00:00.020000+00:00,0.0001
2022-08-17 08:00:00.016000+00:00,0.0001
2022-08-17 16:00:00.001000+00:00,0.0001
2022-08-18 00:00:00.005000+00:00,0.0001
2022-08-18 08:00:00.012000+00:00,0.0001
2022-08-18 16:00:00.013000+00:00,0.0001
2022-08-19 00:00:00+00:00,0.0001
2022-08-19 08:00:00+00:00,-6.21e-06
2022-08-19 16:00:00.009000+00:00,-0.00014315
2022-08-20 00:00:00+00:00,-7.314e-05
2022-08-20 08:00:00.005000+00:00,-7.672e-05
2022-08-20 16:00:00+00:00,6.861e-05
2022-08-21 00:00:00.010000+00:00,8.518e-05
2022-08-21 08:00:00.013000+00:00,0.0001
2022-08-21 16:00:00+00:00,0.0001
2022-08-22 00:00:00.011000+00:00,0.0001
2022-08-22 08:00:00.005000+00:00,6.607e-05
2022-08-22 16:00:00.005000+00:00,3.646e-05
2022-08-23 00:00:00+00:00,0.0001
2022-08-23 08:00:00.021000+00:00,0.0001
2022-08-23 16:00:00.005000+00:00,0.0001
2022-08-24 00:00:00.017000+00:00,8.149e-05
2022-08-24 08:00:00.021000+00:00,0.0001
2022-08-24 16:00:00+00:00,0.0001
2022-08-25 00:00:00.003000+00:00,0.0001
2022-08-25 08:00:00+00:00,0.0001
2022-08-25 16:00:00.004000+00:00,0.0001
2022-08-26 00:00:00.001000+00:00,0.0001
2022-08-26 08:00:00.004000+00:00,0.0001
2022-08-26 16:00:00+00:00,0.0001
2022-08-27 00:00:00.010000+00:00,3.933e-05
2022-08-27 08:00:00.007000+00:00,7.683e-05
2022-08-27 16:00:00.008000+00:00,-3.88e-06
2022-08-28 00:00:00.019000+00:00,-1.009e-05
2022-08-28 08:00:00+00:00,0.0001
2022-08-28 16:00:00+00:00,-4.641e-05
2022-08-29 00:00:00+00:00,2.44e-05
2022-08-29 08:00:00+00:00,-8.589e-05
2022-08-29 16:00:00.001000+00:00,0.0001
2022-08-30 00:00:00.001000+00:00,7.794e-05
2022-08-30 08:00:00.005000+00:00,0.0001
2022-08-30 16:00:00.010000+00:00,-4e-08
2022-08-31 00:00:00+00:00,-0.0002384
2022-08-31 08:00:00.005000+00:00,9.97e-06
2022-08-31 16:00:00.013000+00:00,-0.0001304
2022-09-01 00:00:00.012000+00:00,-0.0001142
2022-09-01 08:00:00+00:00,8.862e-05
2022-09-01 16:00:00.013000+00:00,-0.00010858
2022-09-02 00:00:00.002000+00:00,0.0001
2022-09-02 08:00:00.013000+00:00,3.403e-05
2022-09-02 16:00:00+00:00,-3.483e-05
2022-09-03 00:00:00+00:00,-6.981e-05
2022-09-03 08:00:00.002000+00:00,4.845e-05
2022-09-03 16:00:00.007000+00:00,-0.0002548
2022-09-04 00:00:00.008000+00:00,4.487e-05
2022-09-04 08:00:00.009000+00:00,-0.00010663
2022-09-04 16:00:00+00:00,1.003e-05
2022-09-05 00:00:00.015000+00:00,0.0001
2022-09-05 08:00:00.013000+00:00,0.0001
2022-09-05 16:00:00.007000+00:00,0.0001
2022-09-06 00:00:00.018000+00:00,0.0001
2022-09-06 08:00:00.020000+00:00,0.0001
2022-09-06 16:00:00.028000+00:00,0.0001
2022-09-07 00:00:00.013000+00:00,-5.038e-05
2022-09-07 08:00:00.022000+00:00,6.86e-05
2022-09-07 16:00:00.021000+00:00,-8.427e-05
2022-09-08 00:00:00.010000+00:00,-6.577e-05
2022-09-08 08:00:00+00:00,0.0001
2022-09-08 16:00:00.003000+00:00,7.166e-05
2022-09-09 00:00:00.011000+00:00,0.0001
2022-09-09 08:00:00+00:00,0.0001
2022-09-09 16:00:00+00:00,0.0001
2022-09-10 00:00:00.003000+00:00,0.0001
2022-09-10 08:00:00+00:00,0.0001
2022-09-10 16:00:00.012000+00:00,0.0001
2022-09-11 00:00:00.009000+00:00,0.0001
2022-09-11 08:00:00.012000+00:00,0.0001
2022-09-11 16:00:00.005000+00:00,0.0001
2022-09-12 00:00:00.007000+00:00,0.0001
2022-09-12 08:00:00.013000+00:00,0.0001
2022-09-12 16:00:00+00:00,0.0001
2022-09-13 00:00:00.004000+00:00,5.354e-05
2022-09-13 08:00:00+00:00,0.0001
2022-09-13 16:00:00+00:00,-8.732e-05
2022-09-14 00:00:00+00:00,-0.00025235
2022-09-14 08:00:00+00:00,-6.098e-05
2022-09-14 16:00:00+00:00,4.245e-05
2022-09-15 00:00:00.019000+00:00,0.0001
2022-09-15 08:00:00.012000+00:00,5.857e-05
2022-09-15 16:00:00.007000+00:00,0.0001
2022-09-16 00:00:00+00:00,-1.634e-05
2022-09-16 08:00:00+00:00,6.327e-05
2022-09-16 16:00:00+00:00,0.0001
2022-09-17 00:00:00+00:00,-8.204e-05
2022-09-17 08:00:00.012000+00:00,-1.7e-06
2022-09-17 16:00:00.017000+00:00,8.909e-05
2022-09-18 00:00:00+00:00,-0.0002778
2022-09-18 08:00:00.004000+00:00,-4.893e-05
2022-09-18 16:00:00+00:00,0.0001
2022-09-19 00:00:00.018000+00:00,-0.00023574
2022-09-19 08:00:00.006000+00:00,2.494e-05
2022-09-19 16:00:00.010000+00:00,0.0001
2022-09-20 00:00:00.007000+00:00,0.0001
2022-09-20 08:00:00.001000+00:00,0.0001
2022-09-20 16:00:00+00:00,0.0001
2022-09-21 00:00:00.001000+00:00,0.0001
2022-09-21 08:00:00.005000+00:00,7.046e-05
2022-09-21 16:00:00+00:00,-6.519e-05
2022-09-22 00:00:00+00:00,-0.00010495
2022-09-22 08:00:00+00:00,0.0001
2022-09-22 16:00:00.011000+00:00,5.638e-05
2022-09-23 00:00:00.023000+00:00,-0.00012098
2022-09-23 08:00:00.004000+00:00,0.0001
2022-09-23 16:00:00.005000+00:00,5.455e-05
2022-09-24 00:00:00+00:00,0.0001
2022-09-24 08:00:00.005000+00:00,0.0001
2022-09-24 16:00:00+00:00,0.0001
2022-09-25 00:00:00.010000+00:00,-1.547e-05
2022-09-25 08:00:00+00:00,-6.283e-05
2022-09-25 16:00:00.003000+00:00,-0.00012969
2022-09-26 00:00:00.001000+00:00,-3.699e-05
2022-09-26 08:00:00.006000+00:00,9.7e-05
2022-09-26 16:00:00+00:00,0.0001
2022-09-27 00:00:00.026000+00:00,0.0001
2022-09-27 08:00:00.004000+00:00,0.0001
2022-09-27 16:00:00.006000+00:00,0.0001
2022-09-28 00:00:00.011000+00:00,7.955e-05
2022-09-28 08:00:00+00:00,-1e-06
2022-09-28 16:00:00+00:00,-7.782e-05
2022-09-29 00:00:00.010000+00:00,0.0001
2022-09-29 08:00:00+00:00,0.0001
2022-09-29 16:00:00+00:00,0.0001
2022-09-30 00:00:00.006000+00:00,0.0001
2022-09-30 08:00:00.002000+00:00,0.0001
2022-09-30 16:00:00.007000+00:00,0.0001
2022-10-01 00:00:00.008000+00:00,0.0001
2022-10-01 08:00:00.011000+00:00,0.0001
2022-10-01 16:00:00+00:00,0.0001
2022-10-02 00:00:00+00:00,0.0001
2022-10-02 08:00:00+00:00,4.933e-05
2022-10-02 16:00:00.006000+00:00,-4.408e-05
2022-10-03 00:00:00+00:00,0.0001
2022-10-03 08:00:00.014000+00:00,0.0001
2022-10-03 16:00:00.010000+00:00,0.0001
2022-10-04 00:00:00.006000+00:00,0.0001
2022-10-04 08:00:00.004000+00:00,0.0001
2022-10-04 16:00:00.013000+00:00,0.0001
2022-10-05 00:00:00+00:00,2.465e-05
2022-10-05 08:00:00+00:00,0.0001
2022-10-05 16:00:00.012000+00:00,0.0001
2022-10-06 00:00:00.008000+00:00,7.525e-05
2022-10-06 08:00:00.002000+00:00,1.359e-05
2022-10-06 16:00:00.006000+00:00,8.818e-05
2022-10-07 00:00:00+00:00,-1.436e-05
2022-10-07 08:00:00+00:00,0.0001
2022-10-07 16:00:00.007000+00:00,0.0001
2022-10-08 00:00:00.010000+00:00,4.785e-05
2022-10-08 08:00:00.004000+00:00,0.0001
2022-10-08 16:00:00.018000+00:00,0.0001
2022-10-09 00:00:00+00:00,-4.867e-05
2022-10-09 08:00:00.007000+00:00,0.0001
2022-10-09 16:00:00.011000+00:00,0.0001
2022-10-10 00:00:00.018000+00:00,0.0001
2022-10-10 08:00:00+00:00,0.0001
2022-10-10 16:00:00.026000+00:00,0.0001
2022-10-11 00:00:00.020000+00:00,-2.709e-05
2022-10-11 08:00:00.027000+00:00,8.635e-05
2022-10-11 16:00:00+00:00,0.0001
2022-10-12 00:00:00.014000+00:00,0.0001
2022-10-12 08:00:00+00:00,0.0001
2022-10-12 16:00:00+00:00,6.396e-05
2022-10-13 00:00:00.013000+00:00,5.154e-05
2022-10-13 08:00:00.016000+00:00,3.292e-05
2022-10-13 16:00:00.009000+00:00,-0.00022171
2022-10-14 00:00:00.020000+00:00,-3.63e-06
2022-10-14 08:00:00+00:00,0.0001
2022-10-14 16:00:00.009000+00:00,6.477e-05
2022-10-15 00:00:00.001000+00:00,6.713e-05
2022-10-15 08:00:00.005000+00:00,0.0001
2022-10-15 16:00:00.004000+00:00,5.843e-05
2022-10-16 00:00:00.012000+00:00,0.0001
2022-10-16 08:00:00+00:00,3.223e-05
2022-10-16 16:00:00.010000+00:00,0.0001
2022-10-17 00:00:00.012000+00:00,4.8e-05
2022-10-17 08:00:00.010000+00:00,-7.263e-05
2022-10-17 16:00:00.017000+00:00,0.0001
2022-10-18 00:00:00.010000+00:00,0.0001
2022-10-18 08:00:00.008000+00:00,0.0001
2022-10-18 16:00:00+00:00,3.553e-05
2022-10-19 00:00:00.007000+00:00,7.179e-05
2022-10-19 08:00:00.022000+00:00,0.0001
2022-10-19 16:00:00.016000+00:00,2.357e-05
2022-10-20 00:00:00+00:00,0.0001
2022-10-20 08:00:00.013000+00:00,0.0001
2022-10-20 16:00:00+00:00,4.367e-05
2022-10-21 00:00:00.005000+00:00,0.0001
2022-10-21 08:00:00.018000+00:00,-2.275e-05
2022-10-21 16:00:00+00:00,0.0001
2022-10-22 00:00:00+00:00,0.0001
2022-10-22 08:00:00.015000+00:00,6.858e-05
2022-10-22 16:00:00+00:00,0.0001
2022-10-23 00:00:00.025000+00:00,0.0001
2022-10-23 08:00:00+00:00,0.0001
2022-10-23 16:00:00.004000+00:00,0.0001
2022-10-24 00:00:00.009000+00:00,0.0001
2022-10-24 08:00:00.012000+00:00,-1.511e-05
2022-10-24 16:00:00.002000+00:00,0.0001
2022-10-25 00:00:00.013000+00:00,0.0001
2022-10-25 08:00:00.013000+00:00,6.813e-05
2022-10-25 16:00:00+00:00,0.0001
2022-10-26 00:00:00.006000+00:00,-8.158e-05
2022-10-26 08:00:00.013000+00:00,0.0001
2022-10-26 16:00:00+00:00,6.5e-05
2022-10-27 00:00:00.009000+00:00,0.0001
2022-10-27 08:00:00.006000+00:00,0.0001
2022-10-27 16:00:00.009000+00:00,0.0001
2022-10-28 00:00:00+00:00,6.02e-06
2022-10-28 08:00:00+00:00,0.0001
2022-10-28 16:00:00.007000+00:00,7.15e-06
2022-10-29 00:00:00+00:00,0.0001
2022-10-29 08:00:00.003000+00:00,0.0001
2022-10-29 16:00:00.010000+00:00,8.564e-05
2022-10-30 00:00:00+00:00,6.308e-05
2022-10-30 08:00:00.013000+00:00,0.0001
2022-10-30 16:00:00.009000+00:00,0.0001
2022-10-31 00:00:00.012000+00:00,0.0001
2022-10-31 08:00:00+00:00,0.0001
2022-10-31 16:00:00.010000+00:00,4.495e-05
2022-11-01 00:00:00+00:00,0.0001
2022-11-01 08:00:00+00:00,0.0001
2022-11-01 16:00:00+00:00,-0.00018029
2022-11-02 00:00:00+00:00,-0.00042949
2022-11-02 08:00:00+00:00,-5.22e-05
2022-11-02 16:00:00.019000+00:00,-0.0002043
2022-11-03 00:00:00.011000+00:00,-5.556e-05
2022-11-03 08:00:00.016000+00:00,9.11e-06
2022-11-03 16:00:00.005000+00:00,0.0001
2022-11-04 00:00:00+00:00,3.66e-06
2022-11-04 08:00:00.004000+00:00,0.0001
2022-11-04 16:00:00.020000+00:00,0.0001
2022-11-05 00:00:00.009000+00:00,0.0001
2022-11-05 08:00:00.007000+00:00,0.0001
2022-11-05 16:00:00.018000+00:00,0.0001
2022-11-06 00:00:00.009000+00:00,0.0001
2022-11-06 08:00:00+00:00,0.0001
2022-11-06 16:00:00.010000+00:00,0.0001
2022-11-07 00:00:00.012000+00:00,-6.868e-05
2022-11-07 08:00:00.014000+00:00,9.543e-05
2022-11-07 16:00:00.006000+00:00,-2.125e-05
2022-11-08 00:00:00+00:00,3.373e-05
2022-11-08 08:00:00.001000+00:00,-4.441e-05
2022-11-08 16:00:00.005000+00:00,-0.00010605
2022-11-09 00:00:00+00:00,-0.00023656
2022-11-09 08:00:00.013000+00:00,0.0001
2022-11-09 16:00:00.004000+00:00,-3.92e-06
2022-11-10 00:00:00.006000+00:00,-0.00041254
2022-11-10 08:00:00+00:00,-4.133e-05
2022-11-10 16:00:00.015000+00:00,-0.00020502
2022-11-11 00:00:00+00:00,-0.00010183
2022-11-11 08:00:00.015000+00:00,-5.891e-05
2022-11-11 16:00:00.027000+00:00,-0.00029567
2022-11-12 00:00:00.007000+00:00,6.533e-05
2022-11-12 08:00:00.016000+00:00,-4.55e-05
2022-11-12 16:00:00+00:00,-0.00047395
2022-11-13 00:00:00.004000+00:00,-0.00039954
2022-11-13 08:00:00+00:00,-2.062e-05
2022-11-13 16:00:00.017000+00:00,-0.00015466
2022-11-14 00:00:00+00:00,0.0001
2022-11-14 08:00:00+00:00,0.0001
2022-11-14 16:00:00+00:00,-8.893e-05
2022-11-15 00:00:00.014000+00:00,-0.00019733
2022-11-15 08:00:00.009000+00:00,0.0001
2022-11-15 16:00:00.010000+00:00,2.288e-05
2022-11-16 00:00:00.011000+00:00,0.0001
2022-11-16 08:00:00.004000+00:00,0.0001
2022-11-16 16:00:00.008000+00:00,0.0001
2022-11-17 00:00:00+00:00,0.0001
2022-11-17 08:00:00+00:00,0.0001
2022-11-17 16:00:00.006000+00:00,0.0001
2022-11-18 00:00:00.004000+00:00,-7.36e-05
2022-11-18 08:00:00.016000+00:00,0.0001
2022-11-18 16:00:00+00:00,5.761e-05
2022-11-19 00:00:00+00:00,0.0001
2022-11-19 08:00:00.004000+00:00,0.0001
2022-11-19 16:00:00.024000+00:00,0.0001
2022-11-20 00:00:00.015000+00:00,0.0001
2022-11-20 08:00:00.004000+00:00,-8.988e-05
2022-11-20 16:00:00+00:00,3.053e-05
2022-11-21 00:00:00.006000+00:00,6.503e-05
2022-11-21 08:00:00.015000+00:00,-0.00010179
2022-11-21 16:00:00+00:00,0.0001
2022-11-22 00:00:00+00:00,0.0001
2022-11-22 08:00:00+00:00,0.0001
2022-11-22 16:00:00+00:00,-0.00010971
2022-11-23 00:00:00+00:00,0.0001
2022-11-23 08:00:00.011000+00:00,7.32e-05
2022-11-23 16:00:00.014000+00:00,0.0001
2022-11-24 00:00:00.007000+00:00,0.0001
2022-11-24 08:00:00.014000+00:00,0.0001
2022-11-24 16:00:00.013000+00:00,0.0001
2022-11-25 00:00:00.004000+00:00,1.94e-05
2022-11-25 08:00:00.015000+00:00,5.524e-05
2022-11-25 16:00:00+00:00,0.0001
2022-11-26 00:00:00.011000+00:00,3.609e-05
2022-11-26 08:00:00+00:00,0.0001
2022-11-26 16:00:00+00:00,0.0001
2022-11-27 00:00:00.012000+00:00,0.0001
2022-11-27 08:00:00+00:00,0.0001
2022-11-27 16:00:00.003000+00:00,0.0001
2022-11-28 00:00:00.015000+00:00,0.0001
2022-11-28 08:00:00.004000+00:00,9.681e-05
2022-11-28 16:00:00.011000+00:00,-9.2e-07
2022-11-29 00:00:00+00:00,9.791e-05
2022-11-29 08:00:00.015000+00:00,0.0001
2022-11-29 16:00:00+00:00,0.0001
2022-11-30 00:00:00.007000+00:00,-6.94e-06
2022-11-30 08:00:00+00:00,0.0001
2022-11-30 16:00:00.015000+00:00,-0.00013614
2022-12-01 00:00:00.001000+00:00,-4.069e-05
2022-12-01 08:00:00.006000+00:00,9.74e-05
2022-12-01 16:00:00+00:00,0.0001
2022-12-02 00:00:00.001000+00:00,1.082e-05
2022-12-02 08:00:00.016000+00:00,0.0001
2022-12-02 16:00:00.017000+00:00,-1.198e-05
2022-12-03 00:00:00.006000+00:00,0.0001
2022-12-03 08:00:00+00:00,0.0001
2022-12-03 16:00:00.011000+00:00,0.0001
2022-12-04 00:00:00.006000+00:00,0.0001
2022-12-04 08:00:00+00:00,0.0001
2022-12-04 16:00:00.006000+00:00,0.0001
2022-12-05 00:00:00.002000+00:00,0.0001
2022-12-05 08:00:00.011000+00:00,0.0001
2022-12-05 16:00:00.008000+00:00,9.553e-05
2022-12-06 00:00:00.014000+00:00,0.0001
2022-12-06 08:00:00.027000+00:00,0.0001
2022-12-06 16:00:00.009000+00:00,0.0001
2022-12-07 00:00:00+00:00,0.0001
2022-12-07 08:00:00+00:00,0.0001
2022-12-07 16:00:00+00:00,6.9e-07
2022-12-08 00:00:00.006000+00:00,-8.663e-05
2022-12-08 08:00:00+00:00,0.0001
2022-12-08 16:00:00.014000+00:00,-7.485e-05
2022-12-09 00:00:00.017000+00:00,0.0001
2022-12-09 08:00:00.005000+00:00,0.0001
2022-12-09 16:00:00+00:00,0.0001
2022-12-10 00:00:00.009000+00:00,1.245e-05
2022-12-10 08:00:00.010000+00:00,0.0001
2022-12-10 16:00:00.001000+00:00,0.0001
2022-12-11 00:00:00.011000+00:00,0.0001
2022-12-11 08:00:00.007000+00:00,-3.97e-05
2022-12-11 16:00:00.011000+00:00,0.0001
2022-12-12 00:00:00+00:00,0.0001
2022-12-12 08:00:00.004000+00:00,0.0001
2022-12-12 16:00:00+00:00,-0.00010569
2022-12-13 00:00:00+00:00,1.027e-05
2022-12-13 08:00:00.018000+00:00,0.0001
2022-12-13 16:00:00.011000+00:00,0.0001
2022-12-14 00:00:00.010000+00:00,0.0001
2022-12-14 08:00:00.015000+00:00,0.0001
2022-12-14 16:00:00.004000+00:00,0.0001
2022-12-15 00:00:00+00:00,0.0001
2022-12-15 08:00:00.023000+00:00,0.0001
2022-12-15 16:00:00.010000+00:00,0.0001
2022-12-16 00:00:00.016000+00:00,0.0001
2022-12-16 08:00:00.011000+00:00,0.0001
2022-12-16 16:00:00.001000+00:00,2.596e-05
2022-12-17 00:00:00.001000+00:00,1.761e-05
2022-12-17 08:00:00.011000+00:00,4.53e-06
2022-12-17 16:00:00.011000+00:00,5.664e-05
2022-12-18 00:00:00.008000+00:00,-0.00013874
2022-12-18 08:00:00.001000+00:00,-0.00053756
2022-12-18 16:00:00.012000+00:00,-0.00077246
2022-12-19 00:00:00+00:00,-0.00046059
2022-12-19 08:00:00+00:00,0.0001
2022-12-19 16:00:00+00:00,-4.826e-05
2022-12-20 00:00:00.005000+00:00,0.0001
2022-12-20 08:00:00.016000+00:00,0.0001
2022-12-20 16:00:00+00:00,-0.00011551
2022-12-21 00:00:00.007000+00:00,0.0001
2022-12-21 08:00:00.012000+00:00,-9.22e-06
2022-12-21 16:00:00.017000+00:00,0.0001
2022-12-22 00:00:00.004000+00:00,0.0001
2022-12-22 08:00:00+00:00,0.0001
2022-12-22 16:00:00.001000+00:00,-2.41e-05
2022-12-23 00:00:00.018000+00:00,2.155e-05
2022-12-23 08:00:00+00:00,7.339e-05
2022-12-23 16:00:00+00:00,-2.405e-05
2022-12-24 00:00:00.001000+00:00,0.0001
2022-12-24 08:00:00.007000+00:00,0.0001
2022-12-24 16:00:00.008000+00:00,-5.04e-06
2022-12-25 00:00:00+00:00,-6.529e-05
2022-12-25 08:00:00.013000+00:00,-0.00037579
2022-12-25 16:00:00+00:00,8.104e-05
2022-12-26 00:00:00.001000+00:00,9.342e-05
2022-12-26 08:00:00+00:00,0.0001
2022-12-26 16:00:00.005000+00:00,0.0001
2022-12-27 00:00:00.005000+00:00,0.0001
2022-12-27 08:00:00.010000+00:00,0.0001
2022-12-27 16:00:00.006000+00:00,2.431e-05
2022-12-28 00:00:00.010000+00:00,0.0001
2022-12-28 08:00:00.010000+00:00,-1.316e-05
2022-12-28 16:00:00.010000+00:00,0.0001
2022-12-29 00:00:00.011000+00:00,4.989e-05
2022-12-29 08:00:00+00:00,0.0001
2022-12-29 16:00:00.008000+00:00,9.463e-05
2022-12-30 00:00:00+00:00,0.0001
2022-12-30 08:00:00+00:00,0.0001
2022-12-30 16:00:00+00:00,0.0001
2022-12-31 00:00:00.014000+00:00,0.0001
2022-12-31 08:00:00+00:00,0.0001
2022-12-31 16:00:00+00:00,0.0001
2023-01-01 00:00:00+00:00,0.0001
2023-01-01 08:00:00.008000+00:00,5.85e-06
2023-01-01 16:00:00+00:00,-1.832e-05
2023-01-02 00:00:00+00:00,8.912e-05
2023-01-02 08:00:00.008000+00:00,0.0001
2023-01-02 16:00:00.015000+00:00,-9.094e-05
2023-01-03 00:00:00.003000+00:00,-0.0004691
2023-01-03 08:00:00.018000+00:00,-0.00022168
2023-01-03 16:00:00+00:00,-0.00057917
2023-01-04 00:00:00+00:00,4.99e-06
2023-01-04 08:00:00.016000+00:00,-0.00015446
2023-01-04 16:00:00.011000+00:00,9.594e-05
2023-01-05 00:00:00.009000+00:00,-3.39e-06
2023-01-05 08:00:00.011000+00:00,0.0001
2023-01-05 16:00:00+00:00,7.697e-05
2023-01-06 00:00:00.005000+00:00,-3.44e-06
2023-01-06 08:00:00.001000+00:00,8.267e-05
2023-01-06 16:00:00+00:00,-0.00017031
2023-01-07 00:00:00.006000+00:00,-0.00019069
2023-01-07 08:00:00.017000+00:00,7.447e-05
2023-01-07 16:00:00+00:00,-0.00018694
2023-01-08 00:00:00.015000+00:00,-9.465e-05
2023-01-08 08:00:00+00:00,-0.00010763
2023-01-08 16:00:00.010000+00:00,1.307e-05
2023-01-09 00:00:00.003000+00:00,4.925e-05
2023-01-09 08:00:00+00:00,0.0001
2023-01-09 16:00:00.006000+00:00,0.0001
2023-01-10 00:00:00.003000+00:00,0.0001
2023-01-10 08:00:00.021000+00:00,0.0001
2023-01-10 16:00:00+00:00,0.0001
2023-01-11 00:00:00.011000+00:00,5.54e-06
2023-01-11 08:00:00.006000+00:00,0.0001
2023-01-11 16:00:00.004000+00:00,0.0001
2023-01-12 00:00:00+00:00,0.0001
2023-01-12 08:00:00+00:00,0.0001
2023-01-12 16:00:00+00:00,0.0001
2023-01-13 00:00:00.004000+00:00,0.0001
2023-01-13 08:00:00+00:00,0.0001
2023-01-13 16:00:00.018000+00:00,0.0001
2023-01-14 00:00:00+00:00,0.0001
2023-01-14 08:00:00.001000+00:00,0.00014118
2023-01-14 16:00:00+00:00,0.0001
2023-01-15 00:00:00.010000+00:00,0.0001
2023-01-15 08:00:00.002000+00:00,0.0003646
2023-01-15 16:00:00+00:00,0.00038054
2023-01-16 00:00:00.010000+00:00,0.00029118
2023-01-16 08:00:00.007000+00:00,0.0003857
2023-01-16 16:00:00+00:00,0.0001
2023-01-17 00:00:00.004000+00:00,0.0001
2023-01-17 08:00:00.005000+00:00,0.0001
2023-01-17 16:00:00.001000+00:00,0.0001
2023-01-18 00:00:00.008000+00:00,9.159e-05
2023-01-18 08:00:00.009000+00:00,0.0001
2023-01-18 16:00:00.017000+00:00,0.0001
2023-01-19 00:00:00+00:00,3.84e-06
2023-01-19 08:00:00.015000+00:00,-1.55e-05
2023-01-19 16:00:00.012000+00:00,0.0001
2023-01-20 00:00:00+00:00,0.0001
2023-01-20 08:00:00+00:00,0.0001
2023-01-20 16:00:00+00:00,0.0001
2023-01-21 00:00:00.013000+00:00,0.0001
2023-01-21 08:00:00.001000+00:00,0.0001
2023-01-21 16:00:00.016000+00:00,0.0001
2023-01-22 00:00:00+00:00,0.0001
2023-01-22 08:00:00+00:00,0.00017561
2023-01-22 16:00:00.023000+00:00,0.0001
2023-01-23 00:00:00.014000+00:00,0.0001
2023-01-23 08:00:00.014000+00:00,0.00027901
2023-01-23 16:00:00.016000+00:00,0.00014988
2023-01-24 00:00:00.008000+00:00,0.00024401
2023-01-24 08:00:00.008000+00:00,0.00022634
2023-01-24 16:00:00+00:00,0.0001
2023-01-25 00:00:00.012000+00:00,0.0001
2023-01-25 08:00:00+00:00,0.0001
2023-01-25 16:00:00.010000+00:00,0.0001
2023-01-26 00:00:00.010000+00:00,0.0001
2023-01-26 08:00:00.003000+00:00,0.0001
2023-01-26 16:00:00.020000+00:00,0.0001
2023-01-27 00:00:00.008000+00:00,0.0001
2023-01-27 08:00:00+00:00,0.0001
2023-01-27 16:00:00+00:00,0.0001
2023-01-28 00:00:00.009000+00:00,0.0001
2023-01-28 08:00:00.018000+00:00,0.00014219
2023-01-28 16:00:00.005000+00:00,0.0001
2023-01-29 00:00:00.011000+00:00,0.0001
2023-01-29 08:00:00+00:00,0.0001
2023-01-29 16:00:00.008000+00:00,0.0001
2023-01-30 00:00:00.001000+00:00,0.0001
2023-01-30 08:00:00+00:00,0.0001
2023-01-30 16:00:00+00:00,0.0001
2023-01-31 00:00:00.005000+00:00,0.0001
2023-01-31 08:00:00+00:00,0.0001
2023-01-31 16:00:00.007000+00:00,0.0001
2023-02-01 00:00:00.013000+00:00,0.0001
2023-02-01 08:00:00+00:00,0.0001
2023-02-01 16:00:00.012000+00:00,0.0001
2023-02-02 00:00:00.004000+00:00,0.0001
2023-02-02 08:00:00.023000+00:00,0.00025281
2023-02-02 16:00:00.003000+00:00,0.00027359
2023-02-03 00:00:00.010000+00:00,0.00011918
2023-02-03 08:00:00+00:00,0.0001
2023-02-03 16:00:00+00:00,0.0001
2023-02-04 00:00:00.010000+00:00,0.00037528
2023-02-04 08:00:00+00:00,0.00036252
2023-02-04 16:00:00+00:00,0.0001
2023-02-05 00:00:00.016000+00:00,0.00020073
2023-02-05 08:00:00.009000+00:00,0.00017244
2023-02-05 16:00:00.018000+00:00,0.0001
2023-02-06 00:00:00.001000+00:00,0.0001
2023-02-06 08:00:00+00:00,0.0001
2023-02-06 16:00:00.012000+00:00,0.0001
2023-02-07 00:00:00.004000+00:00,0.0001
2023-02-07 08:00:00.011000+00:00,0.0001
2023-02-07 16:00:00.018000+00:00,0.00014978
2023-02-08 00:00:00.009000+00:00,0.00026014
2023-02-08 08:00:00.010000+00:00,0.00024287
2023-02-08 16:00:00+00:00,0.00014223
2023-02-09 00:00:00.014000+00:00,0.00017341
2023-02-09 08:00:00.006000+00:00,0.0001
2023-02-09 16:00:00.001000+00:00,0.0001
2023-02-10 00:00:00.012000+00:00,0.0001
2023-02-10 08:00:00.005000+00:00,0.0001
2023-02-10 16:00:00.020000+00:00,0.0001
2023-02-11 00:00:00.007000+00:00,0.0001
2023-02-11 08:00:00.002000+00:00,0.0001
2023-02-11 16:00:00.021000+00:00,0.0001
2023-02-12 00:00:00.004000+00:00,0.0001
2023-02-12 08:00:00+00:00,0.0001
2023-02-12 16:00:00.002000+00:00,0.0001
2023-02-13 00:00:00.006000+00:00,6.262e-05
2023-02-13 08:00:00.008000+00:00,0.0001
2023-02-13 16:00:00.002000+00:00,0.0001
2023-02-14 00:00:00.013000+00:00,0.0001
2023-02-14 08:00:00.014000+00:00,0.0001
2023-02-14 16:00:00.016000+00:00,0.0001
2023-02-15 00:00:00.011000+00:00,0.0001
2023-02-15 08:00:00+00:00,0.0001
2023-02-15 16:00:00.005000+00:00,0.0001
2023-02-16 00:00:00.019000+00:00,0.0001
2023-02-16 08:00:00+00:00,0.00019844
2023-02-16 16:00:00.001000+00:00,0.00021763
2023-02-17 00:00:00.003000+00:00,0.0001
2023-02-17 08:00:00.016000+00:00,0.0001
2023-02-17 16:00:00+00:00,0.0001
2023-02-18 00:00:00.011000+00:00,0.0001
2023-02-18 08:00:00+00:00,0.00027048
2023-02-18 16:00:00.007000+00:00,0.00017231
2023-02-19 00:00:00.019000+00:00,0.00033119
2023-02-19 08:00:00.005000+00:00,0.00019991
2023-02-19 16:00:00.003000+00:00,0.0001
2023-02-20 00:00:00.006000+00:00,0.00010128
2023-02-20 08:00:00.008000+00:00,0.0001
2023-02-20 16:00:00.006000+00:00,0.00028107
2023-02-21 00:00:00.001000+00:00,0.00037196
2023-02-21 08:00:00.004000+00:00,0.00032223
2023-02-21 16:00:00.011000+00:00,0.00013298
2023-02-22 00:00:00.009000+00:00,0.00024323
2023-02-22 08:00:00.010000+00:00,0.00014833
2023-02-22 16:00:00+00:00,0.0001
2023-02-23 00:00:00.006000+00:00,0.0001
2023-02-23 08:00:00.005000+00:00,0.00012061
2023-02-23 16:00:00.002000+00:00,0.0001
2023-02-24 00:00:00.015000+00:00,0.00012712
2023-02-24 08:00:00.011000+00:00,0.0001
2023-02-24 16:00:00.014000+00:00,0.0001
2023-02-25 00:00:00.015000+00:00,0.0001
2023-02-25 08:00:00.015000+00:00,0.0001
2023-02-25 16:00:00.015000+00:00,0.0001
2023-02-26 00:00:00.007000+00:00,0.0001
2023-02-26 08:00:00.012000+00:00,0.0001
2023-02-26 16:00:00+00:00,0.0001
2023-02-27 00:00:00.011000+00:00,0.0001
2023-02-27 08:00:00.003000+00:00,0.0001
2023-02-27 16:00:00+00:00,0.0001
2023-02-28 00:00:00.011000+00:00,0.0001
2023-02-28 08:00:00.018000+00:00,0.0001
2023-02-28 16:00:00.005000+00:00,0.0001
2023-03-01 00:00:00.016000+00:00,0.0001
2023-03-01 08:00:00+00:00,0.0001
2023-03-01 16:00:00.008000+00:00,0.0001
2023-03-02 00:00:00.009000+00:00,0.0001
2023-03-02 08:00:00.013000+00:00,0.0001
2023-03-02 16:00:00+00:00,0.0001
2023-03-03 00:00:00+00:00,0.0001
2023-03-03 08:00:00.013000+00:00,7.194e-05
2023-03-03 16:00:00+00:00,0.0001
2023-03-04 00:00:00.001000+00:00,0.0001
2023-03-04 08:00:00.008000+00:00,0.0001
2023-03-04 16:00:00.012000+00:00,0.0001
2023-03-05 00:00:00+00:00,0.0001
2023-03-05 08:00:00+00:00,0.0001
2023-03-05 16:00:00.015000+00:00,0.0001
2023-03-06 00:00:00.007000+00:00,0.0001
2023-03-06 08:00:00.017000+00:00,0.0001
2023-03-06 16:00:00+00:00,0.0001
2023-03-07 00:00:00.009000+00:00,0.0001
2023-03-07 08:00:00.016000+00:00,0.0001
2023-03-07 16:00:00.017000+00:00,0.0001
2023-03-08 00:00:00+00:00,0.0001
2023-03-08 08:00:00.014000+00:00,0.0001
2023-03-08 16:00:00.021000+00:00,0.0001
2023-03-09 00:00:00.010000+00:00,0.0001
2023-03-09 08:00:00.013000+00:00,0.0001
2023-03-09 16:00:00.002000+00:00,0.0001
2023-03-10 00:00:00+00:00,0.0001
2023-03-10 08:00:00+00:00,0.0001
2023-03-10 16:00:00.005000+00:00,-6.68e-06
2023-03-11 00:00:00.011000+00:00,-9.392e-05
2023-03-11 08:00:00.003000+00:00,0.0001
2023-03-11 16:00:00.011000+00:00,0.0001
2023-03-12 00:00:00.001000+00:00,0.0001
2023-03-12 08:00:00+00:00,0.0001
2023-03-12 16:00:00.005000+00:00,-3.59e-06
2023-03-13 00:00:00.010000+00:00,0.0001
2023-03-13 08:00:00.018000+00:00,0.0001
2023-03-13 16:00:00.003000+00:00,0.0001
2023-03-14 00:00:00.010000+00:00,0.0001
2023-03-14 08:00:00.009000+00:00,0.0001
2023-03-14 16:00:00.010000+00:00,0.0001
2023-03-15 00:00:00.011000+00:00,0.00012465
2023-03-15 08:00:00+00:00,0.0001
2023-03-15 16:00:00.012000+00:00,0.0001
2023-03-16 00:00:00.004000+00:00,0.0001
2023-03-16 08:00:00.018000+00:00,0.0001
2023-03-16 16:00:00.005000+00:00,0.0001
2023-03-17 00:00:00.017000+00:00,0.0001
2023-03-17 08:00:00.010000+00:00,0.0001
2023-03-17 16:00:00.003000+00:00,0.0001
2023-03-18 00:00:00.012000+00:00,0.0001
2023-03-18 08:00:00+00:00,0.0001
2023-03-18 16:00:00.016000+00:00,0.0001
2023-03-19 00:00:00.013000+00:00,0.0001
2023-03-19 08:00:00.024000+00:00,0.0001
2023-03-19 16:00:00+00:00,0.0001
2023-03-20 00:00:00.005000+00:00,0.0001
2023-03-20 08:00:00.012000+00:00,0.0001
2023-03-20 16:00:00.015000+00:00,0.0001
2023-03-21 00:00:00.006000+00:00,0.0001
2023-03-21 08:00:00.004000+00:00,0.0001
2023-03-21 16:00:00.003000+00:00,0.0001
2023-03-22 00:00:00+00:00,0.0001
2023-03-22 08:00:00.003000+00:00,0.0001
2023-03-22 16:00:00+00:00,0.0001
2023-03-23 00:00:00.016000+00:00,0.0001
2023-03-23 08:00:00.001000+00:00,0.0001
2023-03-23 16:00:00.013000+00:00,0.0001
2023-03-24 00:00:00.013000+00:00,0.0001
2023-03-24 08:00:00.012000+00:00,0.0001
2023-03-24 16:00:00.027000+00:00,0.0001
2023-03-25 00:00:00.015000+00:00,0.0001
2023-03-25 08:00:00.011000+00:00,0.0001
2023-03-25 16:00:00.011000+00:00,0.0001
2023-03-26 00:00:00+00:00,0.0001
2023-03-26 08:00:00.015000+00:00,0.0001
2023-03-26 16:00:00+00:00,0.0001
2023-03-27 00:00:00.019000+00:00,0.0001
2023-03-27 08:00:00.009000+00:00,0.0001
2023-03-27 16:00:00+00:00,0.0001
2023-03-28 00:00:00.007000+00:00,5.45e-05
2023-03-28 08:00:00+00:00,0.0001
2023-03-28 16:00:00.013000+00:00,-3.068e-05
2023-03-29 00:00:00.010000+00:00,0.0001
2023-03-29 08:00:00.006000+00:00,0.0001
2023-03-29 16:00:00.014000+00:00,0.0001
2023-03-30 00:00:00+00:00,0.0001
2023-03-30 08:00:00+00:00,0.0001
2023-03-30 16:00:00.006000+00:00,0.0001
2023-03-31 00:00:00.003000+00:00,0.0001
2023-03-31 08:00:00.006000+00:00,0.0001
2023-03-31 16:00:00.011000+00:00,0.0001
2023-04-01 00:00:00+00:00,0.0001
2023-04-01 08:00:00+00:00,0.0001
2023-04-01 16:00:00.018000+00:00,0.0001
2023-04-02 00:00:00.013000+00:00,0.0001
2023-04-02 08:00:00.014000+00:00,0.0001
2023-04-02 16:00:00.001000+00:00,0.0001
2023-04-03 00:00:00+00:00,0.0001
2023-04-03 08:00:00.013000+00:00,0.0001
2023-04-03 16:00:00.011000+00:00,0.0001
2023-04-04 00:00:00.002000+00:00,0.0001
2023-04-04 08:00:00.017000+00:00,0.0001
2023-04-04 16:00:00.008000+00:00,0.0001
2023-04-05 00:00:00+00:00,0.0001
2023-04-05 08:00:00.016000+00:00,0.0001
2023-04-05 16:00:00.004000+00:00,0.0001
2023-04-06 00:00:00+00:00,0.0001
2023-04-06 08:00:00.011000+00:00,0.0001
2023-04-06 16:00:00+00:00,0.0001
2023-04-07 00:00:00.006000+00:00,0.0001
2023-04-07 08:00:00.005000+00:00,0.0001
2023-04-07 16:00:00+00:00,0.0001
2023-04-08 00:00:00+00:00,0.0001
2023-04-08 08:00:00.014000+00:00,0.0001
2023-04-08 16:00:00.018000+00:00,0.0001
2023-04-09 00:00:00.013000+00:00,0.0001
2023-04-09 08:00:00.024000+00:00,0.0001
2023-04-09 16:00:00.010000+00:00,0.0001
2023-04-10 00:00:00+00:00,0.0001
2023-04-10 08:00:00.010000+00:00,0.0001
2023-04-10 16:00:00.006000+00:00,0.0001
2023-04-11 00:00:00.008000+00:00,0.0001
2023-04-11 08:00:00.007000+00:00,0.0001
2023-04-11 16:00:00.016000+00:00,0.0001
2023-04-12 00:00:00.006000+00:00,0.0001
2023-04-12 08:00:00.008000+00:00,0.0001
2023-04-12 16:00:00.014000+00:00,0.0001
2023-04-13 00:00:00.027000+00:00,0.0001
2023-04-13 08:00:00.010000+00:00,0.0001
2023-04-13 16:00:00+00:00,0.0001
2023-04-14 00:00:00.001000+00:00,0.0001
2023-04-14 08:00:00.008000+00:00,0.0001
2023-04-14 16:00:00.007000+00:00,0.0001
2023-04-15 00:00:00.007000+00:00,0.0001
2023-04-15 08:00:00.007000+00:00,0.0001
2023-04-15 16:00:00.011000+00:00,0.0001
2023-04-16 00:00:00.014000+00:00,0.0001
2023-04-16 08:00:00.007000+00:00,0.00011386
2023-04-16 16:00:00.002000+00:00,0.0001
2023-04-17 00:00:00.017000+00:00,0.0001
2023-04-17 08:00:00.006000+00:00,0.0001
2023-04-17 16:00:00+00:00,0.0001
2023-04-18 00:00:00.013000+00:00,0.0001
2023-04-18 08:00:00.017000+00:00,0.0001
2023-04-18 16:00:00+00:00,0.00014924
2023-04-19 00:00:00.022000+00:00,0.0001
2023-04-19 08:00:00.014000+00:00,0.0001
2023-04-19 16:00:00+00:00,0.0001
2023-04-20 00:00:00.010000+00:00,0.0001
2023-04-20 08:00:00.012000+00:00,0.0001
2023-04-20 16:00:00.012000+00:00,0.0001
2023-04-21 00:00:00.009000+00:00,6.891e-05
2023-04-21 08:00:00.009000+00:00,0.0001
2023-04-21 16:00:00.003000+00:00,6.108e-05
2023-04-22 00:00:00+00:00,8.825e-05
2023-04-22 08:00:00+00:00,0.0001
2023-04-22 16:00:00.016000+00:00,6.056e-05
2023-04-23 00:00:00.009000+00:00,6.465e-05
2023-04-23 08:00:00.020000+00:00,0.0001
2023-04-23 16:00:00.007000+00:00,0.0001
2023-04-24 00:00:00+00:00,0.0001
2023-04-24 08:00:00.008000+00:00,0.0001
2023-04-24 16:00:00.006000+00:00,0.0001
2023-04-25 00:00:00.014000+00:00,9.897e-05
2023-04-25 08:00:00.009000+00:00,9.98e-05
2023-04-25 16:00:00.015000+00:00,0.0001
2023-04-26 00:00:00.015000+00:00,0.0001
2023-04-26 08:00:00.013000+00:00,0.0001
2023-04-26 16:00:00.001000+00:00,0.0001
2023-04-27 00:00:00.014000+00:00,0.0001
2023-04-27 08:00:00.008000+00:00,0.0001
2023-04-27 16:00:00.005000+00:00,8.767e-05
2023-04-28 00:00:00.011000+00:00,0.0001
2023-04-28 08:00:00.007000+00:00,0.0001
2023-04-28 16:00:00.006000+00:00,0.0001
2023-04-29 00:00:00.004000+00:00,0.0001
2023-04-29 08:00:00.016000+00:00,0.0001
2023-04-29 16:00:00.001000+00:00,0.0001
2023-04-30 00:00:00.008000+00:00,0.0001
2023-04-30 08:00:00+00:00,0.0001
2023-04-30 16:00:00.010000+00:00,0.0001
2023-05-01 00:00:00.004000+00:00,0.0001
2023-05-01 08:00:00.008000+00:00,0.0001
2023-05-01 16:00:00.014000+00:00,0.0001
2023-05-02 00:00:00.015000+00:00,0.0001
2023-05-02 08:00:00.018000+00:00,0.0001
2023-05-02 16:00:00+00:00,0.0001
2023-05-03 00:00:00.009000+00:00,0.0001
2023-05-03 08:00:00.003000+00:00,0.0001
2023-05-03 16:00:00.011000+00:00,9.894e-05
2023-05-04 00:00:00+00:00,0.0001
2023-05-04 08:00:00+00:00,0.0001
2023-05-04 16:00:00.011000+00:00,5.15e-05
2023-05-05 00:00:00.002000+00:00,0.0001
2023-05-05 08:00:00+00:00,0.0001
2023-05-05 16:00:00+00:00,0.0001
2023-05-06 00:00:00.009000+00:00,0.0001
2023-05-06 08:00:00+00:00,0.0001
2023-05-06 16:00:00+00:00,0.0001
2023-05-07 00:00:00+00:00,0.0001
2023-05-07 08:00:00+00:00,0.0001
2023-05-07 16:00:00.006000+00:00,0.0001
2023-05-08 00:00:00+00:00,0.0001
2023-05-08 08:00:00.007000+00:00,0.0001
2023-05-08 16:00:00.015000+00:00,0.0001
2023-05-09 00:00:00.015000+00:00,4.024e-05
2023-05-09 08:00:00+00:00,0.0001
2023-05-09 16:00:00+00:00,6.159e-05
2023-05-10 00:00:00.007000+00:00,9.111e-05
2023-05-10 08:00:00.003000+00:00,0.0001
2023-05-10 16:00:00+00:00,0.0001
2023-05-11 00:00:00.011000+00:00,0.0001
2023-05-11 08:00:00+00:00,0.0001
2023-05-11 16:00:00.005000+00:00,4.863e-05
2023-05-12 00:00:00.020000+00:00,0.0001
2023-05-12 08:00:00.001000+00:00,0.0001
2023-05-12 16:00:00.010000+00:00,2.512e-05
2023-05-13 00:00:00+00:00,0.0001
2023-05-13 08:00:00+00:00,0.0001
2023-05-13 16:00:00.026000+00:00,7.895e-05
2023-05-14 00:00:00.029000+00:00,0.0001
2023-05-14 08:00:00.010000+00:00,0.0001
2023-05-14 16:00:00.008000+00:00,0.0001
2023-05-15 00:00:00.006000+00:00,0.0001
2023-05-15 08:00:00.005000+00:00,5.644e-05
2023-05-15 16:00:00.008000+00:00,0.0001
2023-05-16 00:00:00.021000+00:00,0.0001
2023-05-16 08:00:00+00:00,0.0001
2023-05-16 16:00:00+00:00,8.504e-05
2023-05-17 00:00:00.010000+00:00,0.0001
2023-05-17 08:00:00+00:00,0.0001
2023-05-17 16:00:00.001000+00:00,0.0001
2023-05-18 00:00:00+00:00,0.0001
2023-05-18 08:00:00.026000+00:00,0.0001
2023-05-18 16:00:00.019000+00:00,0.0001
2023-05-19 00:00:00+00:00,0.0001
2023-05-19 08:00:00.002000+00:00,0.0001
2023-05-19 16:00:00+00:00,0.0001
2023-05-20 00:00:00.005000+00:00,0.0001
2023-05-20 08:00:00.014000+00:00,0.0001
2023-05-20 16:00:00.020000+00:00,0.0001
2023-05-21 00:00:00.014000+00:00,0.0001
2023-05-21 08:00:00.001000+00:00,0.0001
2023-05-21 16:00:00.015000+00:00,9.664e-05
2023-05-22 00:00:00.028000+00:00,0.0001
2023-05-22 08:00:00+00:00,6.562e-05
2023-05-22 16:00:00.012000+00:00,0.0001
2023-05-23 00:00:00.006000+00:00,4.146e-05
2023-05-23 08:00:00.014000+00:00,0.0001
2023-05-23 16:00:00.008000+00:00,0.0001
2023-05-24 00:00:00+00:00,0.0001
2023-05-24 08:00:00.025000+00:00,0.0001
2023-05-24 16:00:00.008000+00:00,6.631e-05
2023-05-25 00:00:00+00:00,-2.25e-06
2023-05-25 08:00:00.025000+00:00,6.58e-06
2023-05-25 16:00:00.016000+00:00,-0.00016231
2023-05-26 00:00:00+00:00,-5.404e-05
2023-05-26 08:00:00.024000+00:00,9.092e-05
2023-05-26 16:00:00.012000+00:00,0.0001
2023-05-27 00:00:00.012000+00:00,9.281e-05
2023-05-27 08:00:00.018000+00:00,-1.79e-06
2023-05-27 16:00:00.008000+00:00,0.0001
2023-05-28 00:00:00.017000+00:00,0.0001
2023-05-28 08:00:00.015000+00:00,0.0001
2023-05-28 16:00:00+00:00,0.0001
2023-05-29 00:00:00+00:00,0.0001
2023-05-29 08:00:00.020000+00:00,0.0001
2023-05-29 16:00:00.011000+00:00,0.0001
2023-05-30 00:00:00.003000+00:00,0.0001
2023-05-30 08:00:00+00:00,0.0001
2023-05-30 16:00:00.003000+00:00,0.0001
2023-05-31 00:00:00.013000+00:00,0.0001
2023-05-31 08:00:00+00:00,0.0001
2023-05-31 16:00:00+00:00,0.0001
2023-06-01 00:00:00.008000+00:00,0.0001
2023-06-01 08:00:00.012000+00:00,0.0001
2023-06-01 16:00:00+00:00,0.0001
2023-06-02 00:00:00+00:00,0.0001
2023-06-02 08:00:00.006000+00:00,0.0001
2023-06-02 16:00:00.012000+00:00,0.0001
2023-06-03 00:00:00+00:00,0.0001
2023-06-03 08:00:00.011000+00:00,0.0001
2023-06-03 16:00:00.003000+00:00,0.0001
2023-06-04 00:00:00+00:00,0.0001
2023-06-04 08:00:00+00:00,0.0001
2023-06-04 16:00:00+00:00,0.0001
2023-06-05 00:00:00.005000+00:00,0.0001
2023-06-05 08:00:00+00:00,0.0001
2023-06-05 16:00:00+00:00,0.0001
2023-06-06 00:00:00+00:00,0.0001
2023-06-06 08:00:00.009000+00:00,-8.633e-05
2023-06-06 16:00:00.013000+00:00,0.0001
2023-06-07 00:00:00+00:00,0.0001
2023-06-07 08:00:00.016000+00:00,0.0001
2023-06-07 16:00:00+00:00,0.0001
2023-06-08 00:00:00.006000+00:00,0.0001
2023-06-08 08:00:00+00:00,0.0001
2023-06-08 16:00:00+00:00,0.0001
2023-06-09 00:00:00+00:00,0.0001
2023-06-09 08:00:00+00:00,0.0001
2023-06-09 16:00:00+00:00,0.0001
2023-06-10 00:00:00+00:00,0.0001
2023-06-10 08:00:00+00:00,-0.00010079
2023-06-10 16:00:00+00:00,0.0001
2023-06-11 00:00:00.001000+00:00,0.0001
2023-06-11 08:00:00+00:00,0.0001
2023-06-11 16:00:00+00:00,0.0001
2023-06-12 00:00:00+00:00,-0.00010052
2023-06-12 08:00:00+00:00,0.0001
2023-06-12 16:00:00.001000+00:00,3.519e-05
2023-06-13 00:00:00+00:00,-4.841e-05
2023-06-13 08:00:00+00:00,-0.00011912
2023-06-13 16:00:00+00:00,8.421e-05
2023-06-14 00:00:00+00:00,0.0001
2023-06-14 08:00:00+00:00,6.265e-05
2023-06-14 16:00:00+00:00,-5.665e-05
2023-06-15 00:00:00+00:00,7.465e-05
2023-06-15 08:00:00+00:00,0.0001
2023-06-15 16:00:00+00:00,0.0001
2023-06-16 00:00:00+00:00,-5.64e-06
2023-06-16 08:00:00+00:00,4.388e-05
2023-06-16 16:00:00+00:00,0.0001
2023-06-17 00:00:00+00:00,0.0001
2023-06-17 08:00:00+00:00,0.0001
2023-06-17 16:00:00+00:00,0.0001
2023-06-18 00:00:00+00:00,0.0001
2023-06-18 08:00:00+00:00,0.0001
2023-06-18 16:00:00+00:00,6.145e-05
2023-06-19 00:00:00+00:00,7.675e-05
2023-06-19 08:00:00+00:00,2.042e-05
2023-06-19 16:00:00+00:00,9.267e-05
2023-06-20 00:00:00.001000+00:00,0.0001
2023-06-20 08:00:00+00:00,1.189e-05
2023-06-20 16:00:00+00:00,8.691e-05
2023-06-21 00:00:00+00:00,0.0001
2023-06-21 08:00:00+00:00,0.0001
2023-06-21 16:00:00+00:00,4.6e-07
2023-06-22 00:00:00+00:00,5.442e-05
2023-06-22 08:00:00.001000+00:00,0.0001
2023-06-22 16:00:00+00:00,9.82e-06
2023-06-23 00:00:00+00:00,0.0001
2023-06-23 08:00:00+00:00,0.0001
2023-06-23 16:00:00+00:00,0.0001
2023-06-24 00:00:00+00:00,0.0001
2023-06-24 08:00:00+00:00,5.521e-05
2023-06-24 16:00:00+00:00,8.741e-05
2023-06-25 00:00:00+00:00,-5.352e-05
2023-06-25 08:00:00+00:00,0.0001
2023-06-25 16:00:00+00:00,3.873e-05
2023-06-26 00:00:00+00:00,-6.896e-05
2023-06-26 08:00:00+00:00,-0.00019657
2023-06-26 16:00:00+00:00,0.0001
2023-06-27 00:00:00+00:00,-4.43e-05
2023-06-27 08:00:00+00:00,0.0001
2023-06-27 16:00:00+00:00,0.0001
2023-06-28 00:00:00+00:00,0.0001
2023-06-28 08:00:00+00:00,-2.188e-05
2023-06-28 16:00:00+00:00,0.0001
2023-06-29 00:00:00+00:00,4.518e-05
2023-06-29 08:00:00+00:00,-2.611e-05
2023-06-29 16:00:00+00:00,2.493e-05
2023-06-30 00:00:00+00:00,-4.046e-05
2023-06-30 08:00:00+00:00,0.0001
2023-06-30 16:00:00.001000+00:00,0.0001
2023-07-01 00:00:00+00:00,1.025e-05
2023-07-01 08:00:00+00:00,6.421e-05
2023-07-01 16:00:00+00:00,3.241e-05
2023-07-02 00:00:00+00:00,0.0001
2023-07-02 08:00:00+00:00,0.0001
2023-07-02 16:00:00.001000+00:00,0.0001
2023-07-03 00:00:00+00:00,0.0001
2023-07-03 08:00:00+00:00,0.0001
2023-07-03 16:00:00+00:00,0.0001
2023-07-04 00:00:00.001000+00:00,0.0001
2023-07-04 08:00:00+00:00,0.0001
2023-07-04 16:00:00+00:00,0.0001
2023-07-05 00:00:00+00:00,0.0001
2023-07-05 08:00:00+00:00,0.0001
2023-07-05 16:00:00+00:00,4.289e-05
2023-07-06 00:00:00+00:00,-0.00015212
2023-07-06 08:00:00+00:00,6.255e-05
2023-07-06 16:00:00+00:00,5.59e-05
2023-07-07 00:00:00+00:00,7.539e-05
2023-07-07 08:00:00+00:00,5.143e-05
2023-07-07 16:00:00+00:00,4.372e-05
2023-07-08 00:00:00+00:00,-7.624e-05
2023-07-08 08:00:00+00:00,-0.00010762
2023-07-08 16:00:00+00:00,-0.00012305
2023-07-09 00:00:00+00:00,-2.75e-06
2023-07-09 08:00:00+00:00,-3.01e-05
2023-07-09 16:00:00+00:00,6.531e-05
2023-07-10 00:00:00+00:00,0.0001
2023-07-10 08:00:00+00:00,9.4e-05
2023-07-10 16:00:00+00:00,0.0001
2023-07-11 00:00:00+00:00,0.0001
2023-07-11 08:00:00+00:00,0.0001
2023-07-11 16:00:00+00:00,0.0001
2023-07-12 00:00:00+00:00,0.0001
2023-07-12 08:00:00+00:00,0.0001
2023-07-12 16:00:00+00:00,0.0001
2023-07-13 00:00:00+00:00,0.0001
2023-07-13 08:00:00+00:00,0.0001
2023-07-13 16:00:00+00:00,0.0001
2023-07-14 00:00:00+00:00,0.0001
2023-07-14 08:00:00+00:00,0.0001
2023-07-14 16:00:00+00:00,0.0001
2023-07-15 00:00:00+00:00,0.0001
2023-07-15 08:00:00+00:00,0.0001
2023-07-15 16:00:00+00:00,0.0001
2023-07-16 00:00:00.001000+00:00,0.0001
2023-07-16 08:00:00+00:00,0.0001
2023-07-16 16:00:00+00:00,0.0001
2023-07-17 00:00:00+00:00,0.0001
2023-07-17 08:00:00+00:00,0.0001
2023-07-17 16:00:00+00:00,0.0001
2023-07-18 00:00:00+00:00,0.0001
2023-07-18 08:00:00+00:00,0.0001
2023-07-18 16:00:00+00:00,0.0001
2023-07-19 00:00:00+00:00,0.0001
2023-07-19 08:00:00+00:00,0.0001
2023-07-19 16:00:00.001000+00:00,0.0001
2023-07-20 00:00:00+00:00,0.0001
2023-07-20 08:00:00+00:00,0.0001
2023-07-20 16:00:00+00:00,0.0001
2023-07-21 00:00:00.001000+00:00,0.0001
2023-07-21 08:00:00+00:00,0.0001
2023-07-21 16:00:00+00:00,0.0001
2023-07-22 00:00:00+00:00,0.0001
2023-07-22 08:00:00+00:00,0.0001
2023-07-22 16:00:00+00:00,0.0001
2023-07-23 00:00:00+00:00,0.0001
2023-07-23 08:00:00+00:00,0.0001
2023-07-23 16:00:00+00:00,0.0001
2023-07-24 00:00:00+00:00,0.0001
2023-07-24 08:00:00+00:00,0.0001
2023-07-24 16:00:00+00:00,0.0001
2023-07-25 00:00:00+00:00,0.0001
2023-07-25 08:00:00+00:00,0.0001
2023-07-25 16:00:00+00:00,0.0001
2023-07-26 00:00:00+00:00,0.0001
2023-07-26 08:00:00.001000+00:00,0.0001
2023-07-26 16:00:00+00:00,0.0001
2023-07-27 00:00:00+00:00,0.0001
2023-07-27 08:00:00+00:00,0.0001
2023-07-27 16:00:00.001000+00:00,0.0001
2023-07-28 00:00:00+00:00,0.0001
2023-07-28 08:00:00+00:00,0.0001
2023-07-28 16:00:00+00:00,0.0001
2023-07-29 00:00:00+00:00,0.0001
2023-07-29 08:00:00+00:00,0.0001
2023-07-29 16:00:00.001000+00:00,0.0001
2023-07-30 00:00:00+00:00,0.0001
2023-07-30 08:00:00+00:00,0.0001
2023-07-30 16:00:00+00:00,0.0001
2023-07-31 00:00:00+00:00,0.0001
2023-07-31 08:00:00+00:00,0.0001
2023-07-31 16:00:00.001000+00:00,0.0001
2023-08-01 00:00:00+00:00,8.731e-05
2023-08-01 08:00:00+00:00,0.0001
2023-08-01 16:00:00+00:00,0.0001
2023-08-02 00:00:00+00:00,0.0001
2023-08-02 08:00:00+00:00,0.0001
2023-08-02 16:00:00+00:00,7.698e-05
2023-08-03 00:00:00+00:00,0.0001
2023-08-03 08:00:00+00:00,0.0001
2023-08-03 16:00:00.001000+00:00,0.0001
2023-08-04 00:00:00+00:00,9.552e-05
2023-08-04 08:00:00+00:00,0.0001
2023-08-04 16:00:00+00:00,7.905e-05
2023-08-05 00:00:00+00:00,0.0001
2023-08-05 08:00:00+00:00,7.514e-05
2023-08-05 16:00:00.001000+00:00,0.0001
2023-08-06 00:00:00+00:00,6.288e-05
2023-08-06 08:00:00.001000+00:00,3.616e-05
2023-08-06 16:00:00.005000+00:00,7.651e-05
2023-08-07 00:00:00+00:00,7.173e-05
2023-08-07 08:00:00+00:00,5.705e-05
2023-08-07 16:00:00+00:00,6.097e-05
2023-08-08 00:00:00+00:00,0.0001
2023-08-08 08:00:00+00:00,-0.00023177
2023-08-08 16:00:00+00:00,9.43e-05
2023-08-09 00:00:00+00:00,-5.213e-05
2023-08-09 08:00:00+00:00,0.0001
2023-08-09 16:00:00+00:00,8.559e-05
2023-08-10 00:00:00.001000+00:00,0.0001
2023-08-10 08:00:00+00:00,0.0001
2023-08-10 16:00:00+00:00,0.0001
2023-08-11 00:00:00+00:00,0.0001
2023-08-11 08:00:00+00:00,0.0001
2023-08-11 16:00:00+00:00,0.0001
2023-08-12 00:00:00+00:00,0.0001
2023-08-12 08:00:00+00:00,0.0001
2023-08-12 16:00:00+00:00,0.0001
2023-08-13 00:00:00+00:00,2.688e-05
2023-08-13 08:00:00+00:00,0.0001
2023-08-13 16:00:00+00:00,0.0001
2023-08-14 00:00:00.001000+00:00,0.0001
2023-08-14 08:00:00+00:00,0.0001
2023-08-14 16:00:00+00:00,0.0001
2023-08-15 00:00:00.001000+00:00,0.0001
2023-08-15 08:00:00+00:00,0.0001
2023-08-15 16:00:00+00:00,0.0001
2023-08-16 00:00:00+00:00,0.0001
2023-08-16 08:00:00.001000+00:00,0.0001
2023-08-16 16:00:00+00:00,0.0001
2023-08-17 00:00:00+00:00,0.0001
2023-08-17 08:00:00+00:00,9.72e-05
2023-08-17 16:00:00+00:00,0.0001
2023-08-18 00:00:00+00:00,-3.56e-05
2023-08-18 08:00:00+00:00,-2.266e-05
2023-08-18 16:00:00+00:00,0.0001
2023-08-19 00:00:00+00:00,2.411e-05
2023-08-19 08:00:00+00:00,-6.31e-05
2023-08-19 16:00:00+00:00,0.0001
2023-08-20 00:00:00+00:00,-3.592e-05
2023-08-20 08:00:00+00:00,-1.816e-05
2023-08-20 16:00:00+00:00,-0.00010693
2023-08-21 00:00:00+00:00,-5.94e-05
2023-08-21 08:00:00+00:00,0.0001
2023-08-21 16:00:00+00:00,4.68e-05
2023-08-22 00:00:00+00:00,0.0001
2023-08-22 08:00:00+00:00,-0.00012807
2023-08-22 16:00:00+00:00,-0.00020266
2023-08-23 00:00:00+00:00,0.0001
2023-08-23 08:00:00+00:00,0.0001
2023-08-23 16:00:00+00:00,1.444e-05
2023-08-24 00:00:00+00:00,-9.078e-05
2023-08-24 08:00:00+00:00,-2.048e-05
2023-08-24 16:00:00+00:00,-0.00014161
2023-08-25 00:00:00+00:00,-9.441e-05
2023-08-25 08:00:00+00:00,0.0001
2023-08-25 16:00:00+00:00,2.07e-06
2023-08-26 00:00:00+00:00,-6.891e-05
2023-08-26 08:00:00+00:00,-5.21e-06
2023-08-26 16:00:00+00:00,-1.403e-05
2023-08-27 00:00:00+00:00,-0.00024271
2023-08-27 08:00:00+00:00,-2.638e-05
2023-08-27 16:00:00+00:00,-0.00033321
2023-08-28 00:00:00+00:00,-4.317e-05
2023-08-28 08:00:00.001000+00:00,-0.00015282
2023-08-28 16:00:00.001000+00:00,-1.245e-05
2023-08-29 00:00:00+00:00,-0.0001108
2023-08-29 08:00:00+00:00,-0.00021853
2023-08-29 16:00:00+00:00,-0.00044158
2023-08-30 00:00:00+00:00,-4.165e-05
2023-08-30 08:00:00+00:00,-5.129e-05
2023-08-30 16:00:00+00:00,-6.79e-06
2023-08-31 00:00:00+00:00,-0.00013545
2023-08-31 08:00:00+00:00,9.122e-05
2023-08-31 16:00:00+00:00,0.0001
2023-09-01 00:00:00+00:00,-6.988e-05
2023-09-01 08:00:00+00:00,-0.00020232
2023-09-01 16:00:00.001000+00:00,6.781e-05
2023-09-02 00:00:00+00:00,-6.944e-05
2023-09-02 08:00:00+00:00,-0.00018362
2023-09-02 16:00:00+00:00,0.0001
2023-09-03 00:00:00+00:00,-0.00017801
2023-09-03 08:00:00+00:00,-0.00011371
2023-09-03 16:00:00+00:00,-5.782e-05
2023-09-04 00:00:00+00:00,-5.665e-05
2023-09-04 08:00:00+00:00,2.944e-05
2023-09-04 16:00:00+00:00,0.0001
2023-09-05 00:00:00+00:00,0.0001
2023-09-05 08:00:00+00:00,0.0001
2023-09-05 16:00:00+00:00,-2.896e-05
2023-09-06 00:00:00+00:00,2.902e-05
2023-09-06 08:00:00+00:00,-0.000136
2023-09-06 16:00:00.001000+00:00,0.0001
2023-09-07 00:00:00+00:00,0.0001
2023-09-07 08:00:00+00:00,1.08e-05
2023-09-07 16:00:00+00:00,0.0001
2023-09-08 00:00:00+00:00,0.0001
2023-09-08 08:00:00+00:00,6.323e-05
2023-09-08 16:00:00+00:00,3.82e-05
2023-09-09 00:00:00+00:00,0.0001
2023-09-09 08:00:00+00:00,0.0001
2023-09-09 16:00:00+00:00,0.0001
2023-09-10 00:00:00+00:00,3.04e-05
2023-09-10 08:00:00+00:00,0.0001
2023-09-10 16:00:00+00:00,0.0001
2023-09-11 00:00:00+00:00,1.05e-06
2023-09-11 08:00:00+00:00,7.948e-05
2023-09-11 16:00:00.001000+00:00,0.0001
2023-09-12 00:00:00+00:00,-1.98e-06
2023-09-12 08:00:00+00:00,0.0001
2023-09-12 16:00:00+00:00,0.0001
2023-09-13 00:00:00+00:00,-4.166e-05
2023-09-13 08:00:00+00:00,-8.322e-05
2023-09-13 16:00:00+00:00,0.0001
2023-09-14 00:00:00+00:00,0.0001
2023-09-14 08:00:00.001000+00:00,5.15e-05
2023-09-14 16:00:00+00:00,0.0001
2023-09-15 00:00:00+00:00,0.0001
2023-09-15 08:00:00+00:00,-0.00015004
2023-09-15 16:00:00+00:00,0.0001
2023-09-16 00:00:00+00:00,0.0001
2023-09-16 08:00:00+00:00,0.0001
2023-09-16 16:00:00+00:00,2.426e-05
2023-09-17 00:00:00+00:00,0.0001
2023-09-17 08:00:00+00:00,-3.339e-05
2023-09-17 16:00:00+00:00,0.0001
2023-09-18 00:00:00+00:00,-0.00010209
2023-09-18 08:00:00+00:00,-2.724e-05
2023-09-18 16:00:00+00:00,8.993e-05
2023-09-19 00:00:00+00:00,3.713e-05
2023-09-19 08:00:00.001000+00:00,8.799e-05
2023-09-19 16:00:00+00:00,0.0001
2023-09-20 00:00:00+00:00,0.0001
2023-09-20 08:00:00+00:00,0.0001
2023-09-20 16:00:00+00:00,7.186e-05
2023-09-21 00:00:00.001000+00:00,0.0001
2023-09-21 08:00:00+00:00,0.0001
2023-09-21 16:00:00+00:00,0.0001
2023-09-22 00:00:00+00:00,0.0001
2023-09-22 08:00:00+00:00,0.0001
2023-09-22 16:00:00+00:00,6.86e-05
2023-09-23 00:00:00+00:00,-3.117e-05
2023-09-23 08:00:00+00:00,-0.0001192
2023-09-23 16:00:00+00:00,3.066e-05
2023-09-24 00:00:00+00:00,-0.00012688
2023-09-24 08:00:00+00:00,-0.0001274
2023-09-24 16:00:00+00:00,4.213e-05
2023-09-25 00:00:00+00:00,0.0001
2023-09-25 08:00:00+00:00,0.0001
2023-09-25 16:00:00+00:00,0.0001
2023-09-26 00:00:00+00:00,9.05e-05
2023-09-26 08:00:00+00:00,0.0001
2023-09-26 16:00:00+00:00,-0.00012073
2023-09-27 00:00:00+00:00,0.0001
2023-09-27 08:00:00.001000+00:00,0.0001
2023-09-27 16:00:00+00:00,0.0001
2023-09-28 00:00:00+00:00,1.114e-05
2023-09-28 08:00:00+00:00,0.0001
2023-09-28 16:00:00+00:00,0.0001
2023-09-29 00:00:00+00:00,9.192e-05
2023-09-29 08:00:00+00:00,0.0001
2023-09-29 16:00:00+00:00,0.0001
2023-09-30 00:00:00+00:00,0.0001
2023-09-30 08:00:00+00:00,0.0001
2023-09-30 16:00:00+00:00,0.0001
2023-10-01 00:00:00+00:00,0.0001
2023-10-01 08:00:00+00:00,0.0001
2023-10-01 16:00:00+00:00,0.0001
2023-10-02 00:00:00+00:00,0.0001
2023-10-02 08:00:00+00:00,0.0001
2023-10-02 16:00:00+00:00,0.0001
2023-10-03 00:00:00+00:00,0.0001
2023-10-03 08:00:00+00:00,5.918e-05
2023-10-03 16:00:00+00:00,0.0001
2023-10-04 00:00:00+00:00,0.0001
2023-10-04 08:00:00+00:00,0.0001
2023-10-04 16:00:00+00:00,9.56e-06
2023-10-05 00:00:00+00:00,6.17e-05
2023-10-05 08:00:00+00:00,0.0001
2023-10-05 16:00:00.001000+00:00,0.0001
2023-10-06 00:00:00+00:00,5.896e-05
2023-10-06 08:00:00+00:00,7.54e-05
2023-10-06 16:00:00+00:00,2.828e-05
2023-10-07 00:00:00+00:00,1.294e-05
2023-10-07 08:00:00+00:00,0.0001
2023-10-07 16:00:00+00:00,0.0001
2023-10-08 00:00:00+00:00,0.0001
2023-10-08 08:00:00.001000+00:00,-1.642e-05
2023-10-08 16:00:00+00:00,1.913e-05
2023-10-09 00:00:00+00:00,0.0001
2023-10-09 08:00:00+00:00,0.0001
2023-10-09 16:00:00+00:00,0.0001
2023-10-10 00:00:00+00:00,0.0001
2023-10-10 08:00:00+00:00,0.0001
2023-10-10 16:00:00+00:00,8.775e-05
2023-10-11 00:00:00+00:00,0.0001
2023-10-11 08:00:00+00:00,6.271e-05
2023-10-11 16:00:00+00:00,0.0001
2023-10-12 00:00:00+00:00,0.0001
2023-10-12 08:00:00+00:00,6.918e-05
2023-10-12 16:00:00+00:00,1.859e-05
2023-10-13 00:00:00+00:00,-2.31e-06
2023-10-13 08:00:00+00:00,0.0001
2023-10-13 16:00:00+00:00,0.0001
2023-10-14 00:00:00+00:00,0.0001
2023-10-14 08:00:00+00:00,0.0001
2023-10-14 16:00:00+00:00,0.0001
2023-10-15 00:00:00+00:00,0.0001
2023-10-15 08:00:00+00:00,0.0001
2023-10-15 16:00:00+00:00,0.0001
2023-10-16 00:00:00+00:00,8.598e-05
2023-10-16 08:00:00+00:00,0.0001
2023-10-16 16:00:00+00:00,0.0001
2023-10-17 00:00:00+00:00,0.0001
2023-10-17 08:00:00+00:00,0.0001
2023-10-17 16:00:00+00:00,7.791e-05
2023-10-18 00:00:00+00:00,0.0001
2023-10-18 08:00:00+00:00,0.0001
2023-10-18 16:00:00+00:00,3.802e-05
2023-10-19 00:00:00+00:00,9.085e-05
2023-10-19 08:00:00.001000+00:00,-7e-08
2023-10-19 16:00:00+00:00,4.403e-05
2023-10-20 00:00:00+00:00,-3.971e-05
2023-10-20 08:00:00.005000+00:00,1.603e-05
2023-10-20 16:00:00+00:00,0.0001
2023-10-21 00:00:00+00:00,5.327e-05
2023-10-21 08:00:00+00:00,0.0001
2023-10-21 16:00:00+00:00,0.0001
2023-10-22 00:00:00+00:00,0.0001
2023-10-22 08:00:00+00:00,0.0001
2023-10-22 16:00:00+00:00,0.0001
2023-10-23 00:00:00+00:00,0.0001
2023-10-23 08:00:00.001000+00:00,0.0001
2023-10-23 16:00:00.001000+00:00,0.0001
2023-10-24 00:00:00+00:00,0.0001
2023-10-24 08:00:00+00:00,0.0001
2023-10-24 16:00:00+00:00,0.0001
2023-10-25 00:00:00+00:00,0.0001
2023-10-25 08:00:00+00:00,0.0001
2023-10-25 16:00:00.001000+00:00,0.0001
2023-10-26 00:00:00.001000+00:00,0.0001
2023-10-26 08:00:00+00:00,0.0001
2023-10-26 16:00:00+00:00,0.0001
2023-10-27 00:00:00+00:00,0.0001
2023-10-27 08:00:00+00:00,0.0001
2023-10-27 16:00:00+00:00,0.0001
2023-10-28 00:00:00+00:00,0.0001
2023-10-28 08:00:00.001000+00:00,0.0001
2023-10-28 16:00:00+00:00,0.0001
2023-10-29 00:00:00+00:00,0.0001
2023-10-29 08:00:00+00:00,0.0001
2023-10-29 16:00:00+00:00,0.0001
2023-10-30 00:00:00+00:00,0.0001
2023-10-30 08:00:00+00:00,0.0001
2023-10-30 16:00:00+00:00,0.0001
2023-10-31 00:00:00.001000+00:00,0.0001
2023-10-31 08:00:00+00:00,0.0001
2023-10-31 16:00:00+00:00,0.0001
2023-11-01 00:00:00+00:00,0.0001
2023-11-01 08:00:00+00:00,0.0001
2023-11-01 16:00:00+00:00,0.0001
2023-11-02 00:00:00.001000+00:00,0.00016013
2023-11-02 08:00:00+00:00,0.00025709
2023-11-02 16:00:00+00:00,0.0001
2023-11-03 00:00:00+00:00,0.0001
2023-11-03 08:00:00+00:00,0.0001
2023-11-03 16:00:00+00:00,0.0001
2023-11-04 00:00:00+00:00,0.0001
2023-11-04 08:00:00+00:00,0.0001
2023-11-04 16:00:00+00:00,0.0001
2023-11-05 00:00:00+00:00,0.0001
2023-11-05 08:00:00+00:00,0.0001
2023-11-05 16:00:00+00:00,0.00014049
2023-11-06 00:00:00+00:00,0.00013373
2023-11-06 08:00:00.001000+00:00,0.00020712
2023-11-06 16:00:00+00:00,0.0002279
2023-11-07 00:00:00.001000+00:00,0.0001717
2023-11-07 08:00:00+00:00,0.0001751
2023-11-07 16:00:00+00:00,0.00012819
2023-11-08 00:00:00+00:00,0.0001
2023-11-08 08:00:00+00:00,0.0001
2023-11-08 16:00:00+00:00,0.0001
2023-11-09 00:00:00+00:00,0.0001
2023-11-09 08:00:00+00:00,0.0001
2023-11-09 16:00:00+00:00,0.0001
2023-11-10 00:00:00+00:00,0.0001
2023-11-10 08:00:00+00:00,0.0001503
2023-11-10 16:00:00+00:00,0.0001
2023-11-11 00:00:00+00:00,0.00017279
2023-11-11 08:00:00+00:00,0.00030484
2023-11-11 16:00:00+00:00,0.00039957
2023-11-12 00:00:00+00:00,0.0004418
2023-11-12 08:00:00+00:00,0.00048857
2023-11-12 16:00:00.001000+00:00,0.00024285
2023-11-13 00:00:00+00:00,0.00031233
2023-11-13 08:00:00+00:00,0.00019761
2023-11-13 16:00:00+00:00,0.00018295
2023-11-14 00:00:00+00:00,0.0001
2023-11-14 08:00:00+00:00,0.00012166
2023-11-14 16:00:00.001000+00:00,0.0001
2023-11-15 00:00:00+00:00,0.0001
2023-11-15 08:00:00+00:00,0.00010259
2023-11-15 16:00:00+00:00,0.0001
2023-11-16 00:00:00+00:00,0.0001
2023-11-16 08:00:00+00:00,0.0001
2023-11-16 16:00:00.001000+00:00,0.0001
2023-11-17 00:00:00+00:00,0.0001
2023-11-17 08:00:00.001000+00:00,0.0001
2023-11-17 16:00:00.001000+00:00,0.0001
2023-11-18 00:00:00+00:00,0.0001
2023-11-18 08:00:00+00:00,0.0001
2023-11-18 16:00:00+00:00,0.0001
2023-11-19 00:00:00+00:00,0.0001
2023-11-19 08:00:00+00:00,0.0001
2023-11-19 16:00:00+00:00,0.0001
2023-11-20 00:00:00+00:00,0.0001
2023-11-20 08:00:00+00:00,0.0001
2023-11-20 16:00:00+00:00,0.0001
2023-11-21 00:00:00+00:00,0.0001
2023-11-21 08:00:00+00:00,0.0001
2023-11-21 16:00:00+00:00,0.0001
2023-11-22 00:00:00+00:00,0.0001
2023-11-22 08:00:00+00:00,0.0001
2023-11-22 16:00:00+00:00,0.0001
2023-11-23 00:00:00+00:00,0.0001
2023-11-23 08:00:00+00:00,0.0001
2023-11-23 16:00:00.001000+00:00,0.0001
2023-11-24 00:00:00+00:00,0.0001
2023-11-24 08:00:00+00:00,0.0001
2023-11-24 16:00:00+00:00,0.0001
2023-11-25 00:00:00+00:00,0.0001
2023-11-25 08:00:00+00:00,0.0001
2023-11-25 16:00:00+00:00,0.0001
2023-11-26 00:00:00+00:00,0.0001
2023-11-26 08:00:00+00:00,0.0001
2023-11-26 16:00:00+00:00,0.0001
2023-11-27 00:00:00+00:00,0.0001
2023-11-27 08:00:00.001000+00:00,0.0001
2023-11-27 16:00:00+00:00,0.0001
2023-11-28 00:00:00+00:00,0.0001
2023-11-28 08:00:00+00:00,0.0001
2023-11-28 16:00:00+00:00,0.0001
2023-11-29 00:00:00.001000+00:00,0.0001
2023-11-29 08:00:00+00:00,0.0001
2023-11-29 16:00:00+00:00,0.0001
2023-11-30 00:00:00+00:00,0.0001
2023-11-30 08:00:00+00:00,0.0001
2023-11-30 16:00:00+00:00,0.0001
2023-12-01 00:00:00+00:00,0.0001
2023-12-01 08:00:00+00:00,0.0001
2023-12-01 16:00:00+00:00,0.0001
2023-12-02 00:00:00+00:00,0.0001
2023-12-02 08:00:00+00:00,0.0001
2023-12-02 16:00:00+00:00,0.0001
2023-12-03 00:00:00+00:00,0.00014277
2023-12-03 08:00:00+00:00,0.00017243
2023-12-03 16:00:00+00:00,0.00016057
2023-12-04 00:00:00+00:00,0.00032646
2023-12-04 08:00:00+00:00,0.00045786
2023-12-04 16:00:00+00:00,0.0001
2023-12-05 00:00:00+00:00,0.0001
2023-12-05 08:00:00+00:00,0.00025194
2023-12-05 16:00:00+00:00,0.00016391
2023-12-06 00:00:00+00:00,0.00015785
2023-12-06 08:00:00+00:00,0.00025493
2023-12-06 16:00:00+00:00,0.0002834
2023-12-07 00:00:00+00:00,0.00015727
2023-12-07 08:00:00+00:00,0.00042049
2023-12-07 16:00:00+00:00,0.00041537
2023-12-08 00:00:00+00:00,0.00051486
2023-12-08 08:00:00+00:00,0.000295
2023-12-08 16:00:00+00:00,0.00050023
2023-12-09 00:00:00+00:00,0.00044315
2023-12-09 08:00:00+00:00,0.0006414
2023-12-09 16:00:00+00:00,0.0004935
2023-12-10 00:00:00+00:00,0.00020764
2023-12-10 08:00:00+00:00,0.00016415
2023-12-10 16:00:00+00:00,0.00034412
2023-12-11 00:00:00+00:00,0.0001135
2023-12-11 08:00:00+00:00,0.0001
2023-12-11 16:00:00+00:00,0.0001
2023-12-12 00:00:00+00:00,0.0001
2023-12-12 08:00:00+00:00,0.0001
2023-12-12 16:00:00+00:00,0.00019035
2023-12-13 00:00:00+00:00,0.00013867
2023-12-13 08:00:00+00:00,0.00015179
2023-12-13 16:00:00.001000+00:00,0.00010293
2023-12-14 00:00:00+00:00,0.00033695
2023-12-14 08:00:00+00:00,0.0001
2023-12-14 16:00:00+00:00,0.00019415
2023-12-15 00:00:00+00:00,0.0003596
2023-12-15 08:00:00+00:00,0.00034816
2023-12-15 16:00:00+00:00,0.00030736
2023-12-16 00:00:00+00:00,0.00018497
2023-12-16 08:00:00+00:00,0.00021494
2023-12-16 16:00:00.001000+00:00,0.00030537
2023-12-17 00:00:00+00:00,0.00017538
2023-12-17 08:00:00+00:00,0.0001404
2023-12-17 16:00:00+00:00,0.00038586
2023-12-18 00:00:00+00:00,0.00033223
2023-12-18 08:00:00.001000+00:00,0.00013288
2023-12-18 16:00:00+00:00,0.0001
2023-12-19 00:00:00+00:00,0.0001
2023-12-19 08:00:00+00:00,0.00019858
2023-12-19 16:00:00+00:00,0.00019728
2023-12-20 00:00:00+00:00,0.0001
2023-12-20 08:00:00+00:00,0.0001
2023-12-20 16:00:00+00:00,0.00031026
2023-12-21 00:00:00+00:00,0.00016464
2023-12-21 08:00:00+00:00,0.00016489
2023-12-21 16:00:00+00:00,0.00036264
2023-12-22 00:00:00+00:00,0.00044733
2023-12-22 08:00:00+00:00,0.00036851
2023-12-22 16:00:00+00:00,0.00057275
2023-12-23 00:00:00+00:00,0.00069592
2023-12-23 08:00:00.001000+00:00,0.0004382
2023-12-23 16:00:00+00:00,0.00050788
2023-12-24 00:00:00+00:00,0.00058243
2023-12-24 08:00:00+00:00,0.0005056
2023-12-24 16:00:00+00:00,0.00034878
2023-12-25 00:00:00+00:00,0.0003107
2023-12-25 08:00:00+00:00,0.00032918
2023-12-25 16:00:00+00:00,0.00032274
2023-12-26 00:00:00+00:00,0.00046338
2023-12-26 08:00:00+00:00,0.00030066
2023-12-26 16:00:00+00:00,0.00044522
2023-12-27 00:00:00+00:00,0.00010428
2023-12-27 08:00:00+00:00,0.0001
2023-12-27 16:00:00+00:00,0.0004932
2023-12-28 00:00:00+00:00,0.00031572
2023-12-28 08:00:00+00:00,0.00036003
2023-12-28 16:00:00+00:00,0.00036954
2023-12-29 00:00:00.001000+00:00,0.00042339
2023-12-29 08:00:00+00:00,0.00018312
2023-12-29 16:00:00+00:00,0.00050945
2023-12-30 00:00:00.001000+00:00,0.0001
2023-12-30 08:00:00+00:00,0.00036523
2023-12-30 16:00:00+00:00,0.00027339
2023-12-31 00:00:00+00:00,0.00033645
2023-12-31 08:00:00.001000+00:00,0.00048725
2023-12-31 16:00:00+00:00,0.00051069
2024-01-01 00:00:00+00:00,0.00025399
2024-01-01 08:00:00+00:00,0.00034983
2024-01-01 16:00:00+00:00,0.00018308
2024-01-02 00:00:00+00:00,0.00039066
2024-01-02 08:00:00+00:00,0.00048635
2024-01-02 16:00:00+00:00,0.00057406
2024-01-03 00:00:00+00:00,0.0003169
2024-01-03 08:00:00+00:00,0.00033517
2024-01-03 16:00:00+00:00,0.0001
2024-01-04 00:00:00+00:00,0.0001
2024-01-04 08:00:00+00:00,0.0001
2024-01-04 16:00:00+00:00,0.0001
2024-01-05 00:00:00.001000+00:00,0.0001
2024-01-05 08:00:00+00:00,0.0001
2024-01-05 16:00:00+00:00,0.0001
2024-01-06 00:00:00+00:00,0.0001
2024-01-06 08:00:00+00:00,0.0001
2024-01-06 16:00:00+00:00,0.0001
2024-01-07 00:00:00+00:00,0.0001
2024-01-07 08:00:00.001000+00:00,0.0001
2024-01-07 16:00:00.001000+00:00,0.0001
2024-01-08 00:00:00+00:00,0.0001
2024-01-08 08:00:00+00:00,0.0001
2024-01-08 16:00:00+00:00,0.0001
2024-01-09 00:00:00.001000+00:00,0.0001
2024-01-09 08:00:00+00:00,0.0001
2024-01-09 16:00:00+00:00,0.0001
2024-01-10 00:00:00+00:00,0.0001
2024-01-10 08:00:00+00:00,0.0001
2024-01-10 16:00:00+00:00,0.0001
2024-01-11 00:00:00+00:00,0.0001
2024-01-11 08:00:00+00:00,0.0001
2024-01-11 16:00:00+00:00,0.0001
2024-01-12 00:00:00.001000+00:00,0.0001
2024-01-12 08:00:00+00:00,0.0001
2024-01-12 16:00:00+00:00,0.0001
2024-01-13 00:00:00+00:00,0.0001
2024-01-13 08:00:00+00:00,0.0001
2024-01-13 16:00:00.001000+00:00,0.0001
2024-01-14 00:00:00+00:00,0.0001
2024-01-14 08:00:00+00:00,0.0001
2024-01-14 16:00:00.001000+00:00,0.0001
2024-01-15 00:00:00+00:00,0.0001
2024-01-15 08:00:00+00:00,0.0001
2024-01-15 16:00:00+00:00,0.0001
2024-01-16 00:00:00+00:00,0.0001
2024-01-16 08:00:00+00:00,0.0001
2024-01-16 16:00:00.001000+00:00,0.0001
2024-01-17 00:00:00+00:00,0.0001
2024-01-17 08:00:00+00:00,0.0001
2024-01-17 16:00:00+00:00,0.0001
2024-01-18 00:00:00.001000+00:00,0.0001
2024-01-18 08:00:00+00:00,0.0001
2024-01-18 16:00:00+00:00,0.0001
2024-01-19 00:00:00+00:00,0.0001
2024-01-19 08:00:00+00:00,0.0001
2024-01-19 16:00:00.002000+00:00,0.0001
2024-01-20 00:00:00+00:00,0.0001
2024-01-20 08:00:00.003000+00:00,0.0001
2024-01-20 16:00:00+00:00,0.0001
2024-01-21 00:00:00+00:00,0.0001
2024-01-21 08:00:00+00:00,0.0001
2024-01-21 16:00:00+00:00,0.0001
2024-01-22 00:00:00+00:00,0.0001
2024-01-22 08:00:00+00:00,0.0001
2024-01-22 16:00:00+00:00,0.0001
2024-01-23 00:00:00+00:00,0.0001
2024-01-23 08:00:00+00:00,0.0001
2024-01-23 16:00:00+00:00,0.0001
2024-01-24 00:00:00+00:00,0.0001
2024-01-24 08:00:00+00:00,0.0001
2024-01-24 16:00:00+00:00,0.0001
2024-01-25 00:00:00+00:00,0.0001
2024-01-25 08:00:00.001000+00:00,0.0001
2024-01-25 16:00:00+00:00,0.0001
2024-01-26 00:00:00.001000+00:00,0.0001
2024-01-26 08:00:00+00:00,0.0001
2024-01-26 16:00:00+00:00,0.0001
2024-01-27 00:00:00+00:00,0.0001
2024-01-27 08:00:00+00:00,0.0001
2024-01-27 16:00:00+00:00,0.0001
2024-01-28 00:00:00+00:00,0.0001
2024-01-28 08:00:00+00:00,0.0001
2024-01-28 16:00:00+00:00,0.0001
2024-01-29 00:00:00+00:00,0.0001
2024-01-29 08:00:00.001000+00:00,0.0001
2024-01-29 16:00:00+00:00,0.0001
2024-01-30 00:00:00+00:00,0.0001
2024-01-30 08:00:00+00:00,0.0001
2024-01-30 16:00:00.001000+00:00,0.0001
2024-01-31 00:00:00+00:00,0.0001
2024-01-31 08:00:00+00:00,0.0001
2024-01-31 16:00:00+00:00,0.0001
2024-02-01 00:00:00+00:00,0.0001
2024-02-01 08:00:00+00:00,0.0001
2024-02-01 16:00:00.002000+00:00,0.0001
2024-02-02 00:00:00+00:00,0.0001
2024-02-02 08:00:00+00:00,0.0001
2024-02-02 16:00:00+00:00,0.0001
2024-02-03 00:00:00+00:00,0.0001
2024-02-03 08:00:00+00:00,0.0001
2024-02-03 16:00:00.001000+00:00,0.0001
2024-02-04 00:00:00+00:00,0.0001
2024-02-04 08:00:00.004000+00:00,0.0001
2024-02-04 16:00:00+00:00,0.0001
2024-02-05 00:00:00+00:00,0.0001
2024-02-05 08:00:00+00:00,0.0001
2024-02-05 16:00:00+00:00,0.0001
2024-02-06 00:00:00+00:00,0.0001
2024-02-06 08:00:00.001000+00:00,0.0001
2024-02-06 16:00:00+00:00,0.0001
2024-02-07 00:00:00+00:00,0.0001
2024-02-07 08:00:00+00:00,0.0001
2024-02-07 16:00:00+00:00,0.0001
2024-02-08 00:00:00+00:00,0.0001
2024-02-08 08:00:00+00:00,0.0001
2024-02-08 16:00:00+00:00,0.0001
2024-02-09 00:00:00+00:00,0.0001
2024-02-09 08:00:00+00:00,0.0001
2024-02-09 16:00:00.001000+00:00,0.0001
2024-02-10 00:00:00.001000+00:00,0.0001
2024-02-10 08:00:00+00:00,0.0001
2024-02-10 16:00:00+00:00,0.0001
2024-02-11 00:00:00+00:00,0.0001
2024-02-11 08:00:00.001000+00:00,0.0001
2024-02-11 16:00:00+00:00,0.0001
2024-02-12 00:00:00+00:00,0.0001
2024-02-12 08:00:00+00:00,0.0001
2024-02-12 16:00:00+00:00,0.0001
2024-02-13 00:00:00+00:00,0.00016071
2024-02-13 08:00:00+00:00,0.00035116
2024-02-13 16:00:00+00:00,0.00026336
2024-02-14 00:00:00+00:00,0.00031991
2024-02-14 08:00:00+00:00,0.00030393
2024-02-14 16:00:00+00:00,0.00036233
2024-02-15 00:00:00+00:00,0.00024197
2024-02-15 08:00:00+00:00,0.00038051
2024-02-15 16:00:00+00:00,0.00034269
2024-02-16 00:00:00+00:00,0.00043471
2024-02-16 08:00:00+00:00,0.00033237
2024-02-16 16:00:00+00:00,0.00024376
2024-02-17 00:00:00+00:00,0.00018498
2024-02-17 08:00:00+00:00,0.00012386
2024-02-17 16:00:00+00:00,0.00011985
2024-02-18 00:00:00+00:00,0.0001
2024-02-18 08:00:00+00:00,0.0001
2024-02-18 16:00:00+00:00,0.00018774
2024-02-19 00:00:00+00:00,0.00016827
2024-02-19 08:00:00+00:00,0.00038501
2024-02-19 16:00:00+00:00,0.00026754
2024-02-20 00:00:00+00:00,0.00040976
2024-02-20 08:00:00+00:00,0.00046895
2024-02-20 16:00:00+00:00,0.00026491
2024-02-21 00:00:00+00:00,0.0001
2024-02-21 08:00:00+00:00,0.00013694
2024-02-21 16:00:00+00:00,0.0001
2024-02-22 00:00:00.001000+00:00,0.00010267
2024-02-22 08:00:00.001000+00:00,0.0001
2024-02-22 16:00:00+00:00,0.00017088
2024-02-23 00:00:00+00:00,0.00018537
2024-02-23 08:00:00+00:00,0.00022685
2024-02-23 16:00:00+00:00,0.00020302
2024-02-24 00:00:00+00:00,0.00014897
2024-02-24 08:00:00.001000+00:00,0.0001
2024-02-24 16:00:00+00:00,0.00011225
2024-02-25 00:00:00.001000+00:00,0.0001
2024-02-25 08:00:00+00:00,0.00021739
2024-02-25 16:00:00+00:00,0.00013618
2024-02-26 00:00:00+00:00,0.00019926
2024-02-26 08:00:00+00:00,0.00027817
2024-02-26 16:00:00+00:00,0.00037528
2024-02-27 00:00:00+00:00,0.00032352
2024-02-27 08:00:00+00:00,0.00058284
2024-02-27 16:00:00+00:00,0.00036612
2024-02-28 00:00:00+00:00,0.00043196
2024-02-28 08:00:00+00:00,0.00037204
2024-02-28 16:00:00+00:00,0.00069102
2024-02-29 00:00:00+00:00,0.0003165
2024-02-29 08:00:00+00:00,0.00080909
2024-02-29 16:00:00+00:00,0.00068939
2024-03-01 00:00:00+00:00,0.00047432
2024-03-01 08:00:00+00:00,0.00056819
2024-03-01 16:00:00+00:00,0.00044185
2024-03-02 00:00:00+00:00,0.00076526
2024-03-02 08:00:00.001000+00:00,0.00088447
2024-03-02 16:00:00+00:00,0.0007638
2024-03-03 00:00:00+00:00,0.00081283
2024-03-03 08:00:00+00:00,0.00076576
2024-03-03 16:00:00+00:00,0.00056288
2024-03-04 00:00:00+00:00,0.00044867
2024-03-04 08:00:00+00:00,0.00074422
2024-03-04 16:00:00+00:00,0.00058679
2024-03-05 00:00:00+00:00,0.0005693
2024-03-05 08:00:00+00:00,0.00113755
2024-03-05 16:00:00+00:00,0.00095717
2024-03-06 00:00:00+00:00,0.0001
2024-03-06 08:00:00.001000+00:00,0.00014415
2024-03-06 16:00:00+00:00,0.0001
2024-03-07 00:00:00+00:00,0.00015741
2024-03-07 08:00:00+00:00,0.00039144
2024-03-07 16:00:00+00:00,0.0001822
2024-03-08 00:00:00+00:00,0.00059565
2024-03-08 08:00:00+00:00,0.00052411
2024-03-08 16:00:00+00:00,0.00050527
2024-03-09 00:00:00+00:00,0.00057589
2024-03-09 08:00:00.001000+00:00,0.00079324
2024-03-09 16:00:00+00:00,0.00086635
2024-03-10 00:00:00+00:00,0.00061045
2024-03-10 08:00:00+00:00,0.00068869
2024-03-10 16:00:00+00:00,0.00026212
2024-03-11 00:00:00+00:00,0.00023409
2024-03-11 08:00:00+00:00,0.00060386
2024-03-11 16:00:00+00:00,0.00059185
2024-03-12 00:00:00+00:00,0.00083685
2024-03-12 08:00:00+00:00,0.00058103
2024-03-12 16:00:00+00:00,0.0003462
2024-03-13 00:00:00+00:00,0.00052325
2024-03-13 08:00:00.001000+00:00,0.00078674
2024-03-13 16:00:00+00:00,0.0007452
2024-03-14 00:00:00.001000+00:00,0.00052991
2024-03-14 08:00:00+00:00,0.00070068
2024-03-14 16:00:00+00:00,0.00031224
2024-03-15 00:00:00+00:00,0.00037148
2024-03-15 08:00:00+00:00,0.00019318
2024-03-15 16:00:00+00:00,0.0001
2024-03-16 00:00:00+00:00,0.00011819
2024-03-16 08:00:00+00:00,0.0001
2024-03-16 16:00:00+00:00,0.0003405
2024-03-17 00:00:00+00:00,0.0001
2024-03-17 08:00:00+00:00,0.0001
2024-03-17 16:00:00+00:00,0.00021039
2024-03-18 00:00:00+00:00,0.00015943
2024-03-18 08:00:00+00:00,0.0001
2024-03-18 16:00:00.001000+00:00,0.0001
2024-03-19 00:00:00+00:00,0.00021125
2024-03-19 08:00:00+00:00,0.0001
2024-03-19 16:00:00.001000+00:00,0.0001
2024-03-20 00:00:00+00:00,0.0001
2024-03-20 08:00:00.004000+00:00,0.0001
2024-03-20 16:00:00+00:00,0.0001
2024-03-21 00:00:00+00:00,0.0001
2024-03-21 08:00:00+00:00,0.0001
2024-03-21 16:00:00+00:00,0.0001
2024-03-22 00:00:00+00:00,0.0001
2024-03-22 08:00:00+00:00,0.00010567
2024-03-22 16:00:00+00:00,0.0001
2024-03-23 00:00:00+00:00,0.00012682
2024-03-23 08:00:00+00:00,0.0001
2024-03-23 16:00:00+00:00,0.0001
2024-03-24 00:00:00+00:00,0.0001
2024-03-24 08:00:00+00:00,0.0001
2024-03-24 16:00:00+00:00,0.00018066
2024-03-25 00:00:00+00:00,0.0001
2024-03-25 08:00:00.001000+00:00,0.0001
2024-03-25 16:00:00+00:00,0.00015949
2024-03-26 00:00:00+00:00,0.00019578
2024-03-26 08:00:00+00:00,0.00014903
2024-03-26 16:00:00+00:00,0.00016896
2024-03-27 00:00:00+00:00,0.00033072
2024-03-27 08:00:00.001000+00:00,0.0003782
2024-03-27 16:00:00+00:00,0.00029318
2024-03-28 00:00:00+00:00,0.00012027
2024-03-28 08:00:00+00:00,0.00037232
2024-03-28 16:00:00+00:00,0.00024447
2024-03-29 00:00:00+00:00,0.00042024
2024-03-29 08:00:00+00:00,0.00046303
2024-03-29 16:00:00+00:00,0.00047604
2024-03-30 00:00:00+00:00,0.0004106
2024-03-30 08:00:00+00:00,0.00044922
2024-03-30 16:00:00+00:00,0.00057277
2024-03-31 00:00:00+00:00,0.0005124
2024-03-31 08:00:00+00:00,0.00053367
2024-03-31 16:00:00.001000+00:00,0.0005848
2024-04-01 00:00:00+00:00,0.0007871
2024-04-01 08:00:00+00:00,0.00052667
2024-04-01 16:00:00+00:00,0.00022879
2024-04-02 00:00:00.007000+00:00,0.0001
2024-04-02 08:00:00.015000+00:00,0.00012158
2024-04-02 16:00:00+00:00,0.0001
2024-04-03 00:00:00+00:00,0.0001
2024-04-03 08:00:00+00:00,0.00013833
2024-04-03 16:00:00+00:00,0.00011849
2024-04-04 00:00:00+00:00,0.0001
2024-04-04 08:00:00+00:00,0.0001
2024-04-04 16:00:00+00:00,0.0001
2024-04-05 00:00:00+00:00,0.0001
2024-04-05 08:00:00+00:00,0.0001
2024-04-05 16:00:00+00:00,0.0001
2024-04-06 00:00:00+00:00,0.0001
2024-04-06 08:00:00+00:00,0.00012869
2024-04-06 16:00:00+00:00,0.00013338
2024-04-07 00:00:00+00:00,0.0001
2024-04-07 08:00:00+00:00,0.0001
2024-04-07 16:00:00+00:00,0.00013036
2024-04-08 00:00:00.001000+00:00,0.00014088
2024-04-08 08:00:00+00:00,0.00020452
2024-04-08 16:00:00.006000+00:00,0.00017411
2024-04-09 00:00:00+00:00,0.00010334
2024-04-09 08:00:00.001000+00:00,0.00015802
2024-04-09 16:00:00.001000+00:00,0.0001
2024-04-10 00:00:00+00:00,0.00021077
2024-04-10 08:00:00.001000+00:00,0.00011639
2024-04-10 16:00:00+00:00,0.00012506
2024-04-11 00:00:00+00:00,0.0001
2024-04-11 08:00:00+00:00,0.0001361
2024-04-11 16:00:00+00:00,0.0001371
2024-04-12 00:00:00+00:00,0.00028569
2024-04-12 08:00:00.001000+00:00,0.0001
2024-04-12 16:00:00+00:00,0.0001023
2024-04-13 00:00:00+00:00,0.0001
2024-04-13 08:00:00+00:00,0.0001
2024-04-13 16:00:00.001000+00:00,0.0001
2024-04-14 00:00:00+00:00,7.129e-05
2024-04-14 08:00:00+00:00,0.0001
2024-04-14 16:00:00+00:00,0.0001
2024-04-15 00:00:00+00:00,0.0001
2024-04-15 08:00:00.001000+00:00,0.0001
2024-04-15 16:00:00+00:00,0.0001
2024-04-16 00:00:00.001000+00:00,0.0001
2024-04-16 08:00:00+00:00,0.0001
2024-04-16 16:00:00+00:00,0.0001
2024-04-17 00:00:00+00:00,0.0001
2024-04-17 08:00:00+00:00,0.0001
2024-04-17 16:00:00+00:00,0.0001
2024-04-18 00:00:00+00:00,0.0001
2024-04-18 08:00:00+00:00,0.0001
2024-04-18 16:00:00+00:00,0.0001
2024-04-19 00:00:00.001000+00:00,0.0001
2024-04-19 08:00:00+00:00,0.0001
2024-04-19 16:00:00+00:00,0.0001
2024-04-20 00:00:00+00:00,0.0001
2024-04-20 08:00:00+00:00,0.0001
2024-04-20 16:00:00+00:00,0.0001
2024-04-21 00:00:00+00:00,7.604e-05
2024-04-21 08:00:00+00:00,0.0001
2024-04-21 16:00:00+00:00,0.0001
2024-04-22 00:00:00+00:00,8.156e-05
2024-04-22 08:00:00+00:00,-3.729e-05
2024-04-22 16:00:00+00:00,7.323e-05
2024-04-23 00:00:00+00:00,0.0001
2024-04-23 08:00:00+00:00,0.0001
2024-04-23 16:00:00.001000+00:00,0.0001
2024-04-24 00:00:00+00:00,-4.37e-05
2024-04-24 08:00:00+00:00,0.0001
2024-04-24 16:00:00+00:00,0.0001
2024-04-25 00:00:00+00:00,8.97e-05
2024-04-25 08:00:00+00:00,-5e-08
2024-04-25 16:00:00.010000+00:00,0.0001
2024-04-26 00:00:00.001000+00:00,0.0001
2024-04-26 08:00:00+00:00,0.0001
2024-04-26 16:00:00+00:00,0.0001
2024-04-27 00:00:00+00:00,0.0001
2024-04-27 08:00:00.001000+00:00,0.0001
2024-04-27 16:00:00+00:00,0.0001
2024-04-28 00:00:00+00:00,0.0001
2024-04-28 08:00:00+00:00,0.0001
2024-04-28 16:00:00+00:00,5.144e-05
2024-04-29 00:00:00+00:00,9.232e-05
2024-04-29 08:00:00+00:00,0.0001
2024-04-29 16:00:00+00:00,0.0001
2024-04-30 00:00:00+00:00,0.0001
2024-04-30 08:00:00+00:00,0.0001
2024-04-30 16:00:00+00:00,0.0001
2024-05-01 00:00:00+00:00,0.0001
2024-05-01 08:00:00+00:00,0.0001
2024-05-01 16:00:00+00:00,0.0001
2024-05-02 00:00:00+00:00,0.0001
2024-05-02 08:00:00+00:00,0.0001
2024-05-02 16:00:00.002000+00:00,0.0001
2024-05-03 00:00:00+00:00,0.0001
2024-05-03 08:00:00+00:00,0.0001
2024-05-03 16:00:00+00:00,0.0001
2024-05-04 00:00:00+00:00,-2.733e-05
2024-05-04 08:00:00+00:00,7.214e-05
2024-05-04 16:00:00+00:00,0.0001
2024-05-05 00:00:00+00:00,3.165e-05
2024-05-05 08:00:00+00:00,0.0001
2024-05-05 16:00:00+00:00,-3.833e-05
2024-05-06 00:00:00+00:00,0.0001
2024-05-06 08:00:00+00:00,2.436e-05
2024-05-06 16:00:00+00:00,0.0001
2024-05-07 00:00:00+00:00,0.0001
2024-05-07 08:00:00+00:00,0.0001
2024-05-07 16:00:00+00:00,0.0001
2024-05-08 00:00:00+00:00,0.0001
2024-05-08 08:00:00+00:00,0.0001
2024-05-08 16:00:00+00:00,0.0001
2024-05-09 00:00:00+00:00,0.0001
2024-05-09 08:00:00+00:00,0.0001
2024-05-09 16:00:00+00:00,0.0001
2024-05-10 00:00:00+00:00,0.0001
2024-05-10 08:00:00+00:00,0.0001
2024-05-10 16:00:00+00:00,0.0001
2024-05-11 00:00:00+00:00,0.0001
2024-05-11 08:00:00+00:00,0.0001
2024-05-11 16:00:00+00:00,0.0001
2024-05-12 00:00:00+00:00,0.0001
2024-05-12 08:00:00+00:00,0.0001
2024-05-12 16:00:00+00:00,0.0001
2024-05-13 00:00:00.001000+00:00,0.0001
2024-05-13 08:00:00.001000+00:00,0.0001
2024-05-13 16:00:00+00:00,0.0001
2024-05-14 00:00:00+00:00,0.0001
2024-05-14 08:00:00+00:00,0.0001
2024-05-14 16:00:00+00:00,0.0001
2024-05-15 00:00:00+00:00,0.0001
2024-05-15 08:00:00+00:00,0.0001
2024-05-15 16:00:00+00:00,0.0001
2024-05-16 00:00:00.004000+00:00,0.0001
2024-05-16 08:00:00+00:00,0.0001
2024-05-16 16:00:00+00:00,0.0001
2024-05-17 00:00:00+00:00,0.0001
2024-05-17 08:00:00+00:00,0.0001
2024-05-17 16:00:00+00:00,0.0001
2024-05-18 00:00:00+00:00,0.0001
2024-05-18 08:00:00+00:00,0.0001
2024-05-18 16:00:00+00:00,0.0001
2024-05-19 00:00:00+00:00,0.0001
2024-05-19 08:00:00+00:00,0.0001
2024-05-19 16:00:00+00:00,0.0001
2024-05-20 00:00:00+00:00,0.0001
2024-05-20 08:00:00+00:00,0.0001
2024-05-20 16:00:00.003000+00:00,0.0001
2024-05-21 00:00:00+00:00,0.0001
2024-05-21 08:00:00.001000+00:00,0.0001
2024-05-21 16:00:00+00:00,0.0001
2024-05-22 00:00:00+00:00,0.0001
2024-05-22 08:00:00+00:00,0.0001
2024-05-22 16:00:00+00:00,0.0001
2024-05-23 00:00:00+00:00,0.0001
2024-05-23 08:00:00+00:00,0.0001
2024-05-23 16:00:00+00:00,0.0001
2024-05-24 00:00:00+00:00,0.0001
2024-05-24 08:00:00+00:00,0.0001
2024-05-24 16:00:00+00:00,0.0001
2024-05-25 00:00:00+00:00,0.0001
2024-05-25 08:00:00+00:00,0.0001
2024-05-25 16:00:00+00:00,0.0001
2024-05-26 00:00:00+00:00,0.0001
2024-05-26 08:00:00+00:00,0.0001
2024-05-26 16:00:00+00:00,0.0001
2024-05-27 00:00:00+00:00,0.0001
2024-05-27 08:00:00+00:00,0.0001
2024-05-27 16:00:00+00:00,0.0001
2024-05-28 00:00:00+00:00,0.0001
2024-05-28 08:00:00+00:00,0.0001
2024-05-28 16:00:00+00:00,0.0001
2024-05-29 00:00:00.001000+00:00,0.0001
2024-05-29 08:00:00+00:00,0.0001
2024-05-29 16:00:00+00:00,0.0001
2024-05-30 00:00:00+00:00,0.0001
2024-05-30 08:00:00+00:00,0.0001
2024-05-30 16:00:00+00:00,0.0001
2024-05-31 00:00:00+00:00,0.0001
2024-05-31 08:00:00+00:00,0.0001
2024-05-31 16:00:00+00:00,0.0001
2024-06-01 00:00:00+00:00,0.0001088
2024-06-01 08:00:00+00:00,0.0001
2024-06-01 16:00:00.001000+00:00,0.0001
2024-06-02 00:00:00+00:00,0.0001
2024-06-02 08:00:00+00:00,0.0001
2024-06-02 16:00:00+00:00,0.0001
2024-06-03 00:00:00+00:00,0.0001
2024-06-03 08:00:00+00:00,0.0001
2024-06-03 16:00:00+00:00,0.0001
2024-06-04 00:00:00+00:00,0.0001
2024-06-04 08:00:00+00:00,0.0001
2024-06-04 16:00:00+00:00,0.0001
2024-06-05 00:00:00+00:00,0.00013968
2024-06-05 08:00:00+00:00,0.00019657
2024-06-05 16:00:00+00:00,0.0001
2024-06-06 00:00:00+00:00,0.00017579
2024-06-06 08:00:00.008000+00:00,0.0001
2024-06-06 16:00:00+00:00,0.0001
2024-06-07 00:00:00+00:00,0.0001
2024-06-07 08:00:00+00:00,0.00022988
2024-06-07 16:00:00+00:00,0.00016878
2024-06-08 00:00:00+00:00,0.0001
2024-06-08 08:00:00+00:00,0.0001
2024-06-08 16:00:00+00:00,0.0001
2024-06-09 00:00:00+00:00,0.0001
2024-06-09 08:00:00+00:00,0.0001
2024-06-09 16:00:00.001000+00:00,0.0001
2024-06-10 00:00:00+00:00,0.0001
2024-06-10 08:00:00+00:00,0.0001
2024-06-10 16:00:00.001000+00:00,0.0001
2024-06-11 00:00:00.001000+00:00,0.0001
2024-06-11 08:00:00+00:00,0.0001
2024-06-11 16:00:00+00:00,0.0001
2024-06-12 00:00:00+00:00,0.0001
2024-06-12 08:00:00+00:00,0.0001
2024-06-12 16:00:00+00:00,0.0001
2024-06-13 00:00:00+00:00,0.0001
2024-06-13 08:00:00.001000+00:00,0.0001
2024-06-13 16:00:00+00:00,0.0001
2024-06-14 00:00:00+00:00,0.0001
2024-06-14 08:00:00+00:00,0.0001
2024-06-14 16:00:00+00:00,0.0001
2024-06-15 00:00:00+00:00,0.0001
2024-06-15 08:00:00+00:00,0.0001
2024-06-15 16:00:00+00:00,0.0001
2024-06-16 00:00:00.001000+00:00,0.0001
2024-06-16 08:00:00+00:00,0.0001
2024-06-16 16:00:00+00:00,0.0001
2024-06-17 00:00:00+00:00,0.0001
2024-06-17 08:00:00+00:00,0.0001
2024-06-17 16:00:00+00:00,0.0001
2024-06-18 00:00:00+00:00,0.0001
2024-06-18 08:00:00+00:00,0.0001
2024-06-18 16:00:00+00:00,0.0001
2024-06-19 00:00:00.001000+00:00,0.0001
2024-06-19 08:00:00.001000+00:00,3.708e-05
2024-06-19 16:00:00+00:00,0.0001
2024-06-20 00:00:00+00:00,0.0001
2024-06-20 08:00:00+00:00,0.0001
2024-06-20 16:00:00+00:00,0.0001
2024-06-21 00:00:00+00:00,0.0001
2024-06-21 08:00:00+00:00,0.0001
2024-06-21 16:00:00+00:00,0.0001
2024-06-22 00:00:00+00:00,0.0001
2024-06-22 08:00:00+00:00,0.0001
2024-06-22 16:00:00+00:00,0.0001
2024-06-23 00:00:00+00:00,0.0001
2024-06-23 08:00:00+00:00,0.0001
2024-06-23 16:00:00+00:00,0.0001
2024-06-24 00:00:00.002000+00:00,0.0001
2024-06-24 08:00:00+00:00,0.0001
2024-06-24 16:00:00+00:00,0.0001
2024-06-25 00:00:00+00:00,0.0001
2024-06-25 08:00:00+00:00,0.0001
2024-06-25 16:00:00+00:00,0.0001
2024-06-26 00:00:00.002000+00:00,0.0001
2024-06-26 08:00:00+00:00,0.0001
2024-06-26 16:00:00+00:00,0.0001
2024-06-27 00:00:00+00:00,0.0001
2024-06-27 08:00:00.001000+00:00,0.0001
2024-06-27 16:00:00+00:00,0.0001
2024-06-28 00:00:00+00:00,0.0001
2024-06-28 08:00:00+00:00,0.0001
2024-06-28 16:00:00+00:00,0.0001
2024-06-29 00:00:00.001000+00:00,0.0001
2024-06-29 08:00:00+00:00,0.0001
2024-06-29 16:00:00+00:00,0.0001
2024-06-30 00:00:00+00:00,0.0001
2024-06-30 08:00:00+00:00,0.0001
2024-06-30 16:00:00+00:00,0.0001
2024-07-01 00:00:00+00:00,0.0001
2024-07-01 08:00:00+00:00,0.0001
2024-07-01 16:00:00.001000+00:00,0.0001
2024-07-02 00:00:00+00:00,0.0001
2024-07-02 08:00:00+00:00,0.0001
2024-07-02 16:00:00+00:00,0.0001
2024-07-03 00:00:00+00:00,0.0001
2024-07-03 08:00:00.001000+00:00,0.0001
2024-07-03 16:00:00+00:00,0.0001
2024-07-04 00:00:00+00:00,0.0001
2024-07-04 08:00:00+00:00,0.0001
2024-07-04 16:00:00+00:00,0.0001
2024-07-05 00:00:00+00:00,0.0001
2024-07-05 08:00:00+00:00,0.0001
2024-07-05 16:00:00+00:00,0.0001
2024-07-06 00:00:00+00:00,0.0001
2024-07-06 08:00:00+00:00,0.0001
2024-07-06 16:00:00+00:00,3.885e-05
2024-07-07 00:00:00.001000+00:00,8.2e-05
2024-07-07 08:00:00+00:00,-9.136e-05
2024-07-07 16:00:00+00:00,-0.00027599
2024-07-08 00:00:00+00:00,0.0001
2024-07-08 08:00:00+00:00,0.0001
2024-07-08 16:00:00+00:00,2.028e-05
2024-07-09 00:00:00+00:00,7.12e-06
2024-07-09 08:00:00.001000+00:00,-7.453e-05
2024-07-09 16:00:00+00:00,0.0001
2024-07-10 00:00:00+00:00,0.0001
2024-07-10 08:00:00+00:00,-5.923e-05
2024-07-10 16:00:00+00:00,-4.688e-05
2024-07-11 00:00:00.002000+00:00,0.0001
2024-07-11 08:00:00.002000+00:00,0.0001
2024-07-11 16:00:00.004000+00:00,0.0001
2024-07-12 00:00:00+00:00,0.0001
2024-07-12 08:00:00+00:00,0.0001
2024-07-12 16:00:00+00:00,0.0001
2024-07-13 00:00:00+00:00,0.0001
2024-07-13 08:00:00+00:00,-4.145e-05
2024-07-13 16:00:00+00:00,7.581e-05
2024-07-14 00:00:00+00:00,-0.00032525
2024-07-14 08:00:00+00:00,0.0001
2024-07-14 16:00:00+00:00,-0.00105088
2024-07-15 00:00:00+00:00,0.0001
2024-07-15 08:00:00+00:00,-1.283e-05
2024-07-15 16:00:00+00:00,0.0001
2024-07-16 00:00:00+00:00,0.0001
2024-07-16 08:00:00+00:00,0.0001
2024-07-16 16:00:00+00:00,-0.00035873
2024-07-17 00:00:00+00:00,0.0001
2024-07-17 08:00:00.001000+00:00,0.0001
2024-07-17 16:00:00+00:00,0.0001
2024-07-18 00:00:00+00:00,0.0001
2024-07-18 08:00:00+00:00,0.0001
2024-07-18 16:00:00+00:00,0.0001
2024-07-19 00:00:00+00:00,0.0001
2024-07-19 08:00:00+00:00,0.0001
2024-07-19 16:00:00+00:00,0.0001
2024-07-20 00:00:00.001000+00:00,0.0001
2024-07-20 08:00:00+00:00,0.0001
2024-07-20 16:00:00+00:00,0.0001
2024-07-21 00:00:00+00:00,0.0001
2024-07-21 08:00:00+00:00,0.0001
2024-07-21 16:00:00+00:00,0.0001
2024-07-22 00:00:00+00:00,0.0001
2024-07-22 08:00:00+00:00,0.0001
2024-07-22 16:00:00+00:00,0.0001
2024-07-23 00:00:00+00:00,0.0001
2024-07-23 08:00:00+00:00,0.0001
2024-07-23 16:00:00+00:00,0.0001
2024-07-24 00:00:00+00:00,0.0001
2024-07-24 08:00:00+00:00,0.0001
2024-07-24 16:00:00+00:00,0.0001
2024-07-25 00:00:00+00:00,0.0001
2024-07-25 08:00:00+00:00,0.0001
2024-07-25 16:00:00+00:00,0.0001
2024-07-26 00:00:00+00:00,0.0001
2024-07-26 08:00:00+00:00,0.0001
2024-07-26 16:00:00+00:00,0.0001
2024-07-27 00:00:00+00:00,0.0001
2024-07-27 08:00:00+00:00,0.0001
2024-07-27 16:00:00+00:00,0.0001
2024-07-28 00:00:00+00:00,0.0001
2024-07-28 08:00:00+00:00,0.0001
2024-07-28 16:00:00.001000+00:00,9.209e-05
2024-07-29 00:00:00.001000+00:00,0.0001
2024-07-29 08:00:00+00:00,0.0001
2024-07-29 16:00:00.001000+00:00,0.0001
2024-07-30 00:00:00+00:00,3.518e-05
2024-07-30 08:00:00.001000+00:00,-0.0001621
2024-07-30 16:00:00+00:00,0.0001
2024-07-31 00:00:00+00:00,0.0001
2024-07-31 08:00:00+00:00,0.0001
2024-07-31 16:00:00+00:00,0.0001
2024-08-01 00:00:00+00:00,-0.00064041
2024-08-01 08:00:00+00:00,1.688e-05
2024-08-01 16:00:00+00:00,0.0001
2024-08-02 00:00:00+00:00,0.0001
2024-08-02 08:00:00.001000+00:00,0.0001
2024-08-02 16:00:00+00:00,-0.00043648
2024-08-03 00:00:00+00:00,-0.00022004
2024-08-03 08:00:00+00:00,-0.00040992
2024-08-03 16:00:00.001000+00:00,-0.00047809
2024-08-04 00:00:00+00:00,0.0001
2024-08-04 08:00:00+00:00,9.116e-05
2024-08-04 16:00:00+00:00,0.0001
2024-08-05 00:00:00+00:00,0.0001
2024-08-05 08:00:00+00:00,0.0001
2024-08-05 16:00:00+00:00,0.0001
2024-08-06 00:00:00+00:00,0.0001
2024-08-06 08:00:00+00:00,0.0001
2024-08-06 16:00:00+00:00,0.0001
2024-08-07 00:00:00+00:00,0.0001
2024-08-07 08:00:00.001000+00:00,0.0001
2024-08-07 16:00:00+00:00,0.0001
2024-08-08 00:00:00.001000+00:00,0.0001
2024-08-08 08:00:00+00:00,0.0001
2024-08-08 16:00:00+00:00,0.0001
2024-08-09 00:00:00+00:00,0.0001
2024-08-09 08:00:00+00:00,0.0001
2024-08-09 16:00:00+00:00,0.0001
2024-08-10 00:00:00+00:00,3.994e-05
2024-08-10 08:00:00+00:00,0.0001
2024-08-10 16:00:00+00:00,0.0001
2024-08-11 00:00:00+00:00,0.0001
2024-08-11 08:00:00+00:00,0.0001
2024-08-11 16:00:00.001000+00:00,0.0001
2024-08-12 00:00:00+00:00,3.64e-06
2024-08-12 08:00:00+00:00,0.0001
2024-08-12 16:00:00+00:00,5.586e-05
2024-08-13 00:00:00+00:00,3.715e-05
2024-08-13 08:00:00+00:00,-1.916e-05
2024-08-13 16:00:00+00:00,0.0001
2024-08-14 00:00:00+00:00,2.784e-05
2024-08-14 08:00:00+00:00,9.004e-05
2024-08-14 16:00:00+00:00,0.0001
2024-08-15 00:00:00+00:00,0.0001
2024-08-15 08:00:00+00:00,0.0001
2024-08-15 16:00:00+00:00,0.0001
2024-08-16 00:00:00+00:00,4.291e-05
2024-08-16 08:00:00+00:00,0.0001
2024-08-16 16:00:00+00:00,3.179e-05
2024-08-17 00:00:00+00:00,5.125e-05
2024-08-17 08:00:00+00:00,0.0001
2024-08-17 16:00:00+00:00,5.369e-05
2024-08-18 00:00:00+00:00,3.091e-05
2024-08-18 08:00:00+00:00,0.0001
2024-08-18 16:00:00+00:00,5.007e-05
2024-08-19 00:00:00+00:00,0.0001
2024-08-19 08:00:00+00:00,5.061e-05
2024-08-19 16:00:00.002000+00:00,0.0001
2024-08-20 00:00:00+00:00,0.0001
2024-08-20 08:00:00+00:00,0.0001
2024-08-20 16:00:00.001000+00:00,0.0001
2024-08-21 00:00:00.001000+00:00,0.0001
2024-08-21 08:00:00+00:00,0.0001
2024-08-21 16:00:00.001000+00:00,0.0001
2024-08-22 00:00:00+00:00,0.0001
2024-08-22 08:00:00+00:00,0.0001
2024-08-22 16:00:00.008000+00:00,0.0001
2024-08-23 00:00:00+00:00,0.0001
2024-08-23 08:00:00+00:00,9.715e-05
2024-08-23 16:00:00+00:00,0.0001
2024-08-24 00:00:00+00:00,8.728e-05
2024-08-24 08:00:00.005000+00:00,0.0001
2024-08-24 16:00:00+00:00,0.0001
2024-08-25 00:00:00+00:00,0.0001
2024-08-25 08:00:00+00:00,0.0001
2024-08-25 16:00:00+00:00,0.0001
2024-08-26 00:00:00+00:00,0.0001
2024-08-26 08:00:00.001000+00:00,0.0001
2024-08-26 16:00:00+00:00,0.0001
2024-08-27 00:00:00.001000+00:00,0.0001
2024-08-27 08:00:00+00:00,7.514e-05
2024-08-27 16:00:00+00:00,0.0001
2024-08-28 00:00:00+00:00,9.336e-05
2024-08-28 08:00:00+00:00,5.345e-05
2024-08-28 16:00:00.001000+00:00,0.0001
2024-08-29 00:00:00+00:00,0.0001
2024-08-29 08:00:00.001000+00:00,3.56e-06
2024-08-29 16:00:00+00:00,0.0001
2024-08-30 00:00:00+00:00,0.0001
2024-08-30 08:00:00+00:00,0.0001
2024-08-30 16:00:00+00:00,4.784e-05
2024-08-31 00:00:00+00:00,0.0001
2024-08-31 08:00:00+00:00,7.532e-05
2024-08-31 16:00:00+00:00,6.176e-05
2024-09-01 00:00:00+00:00,0.0001
2024-09-01 08:00:00.001000+00:00,0.0001
2024-09-01 16:00:00+00:00,6.85e-05
2024-09-02 00:00:00.001000+00:00,7.537e-05
2024-09-02 08:00:00.001000+00:00,4.839e-05
2024-09-02 16:00:00+00:00,-1.17e-06
2024-09-03 00:00:00+00:00,0.0001
2024-09-03 08:00:00.001000+00:00,0.0001
2024-09-03 16:00:00+00:00,4.868e-05
2024-09-04 00:00:00+00:00,4.933e-05
2024-09-04 08:00:00+00:00,5.566e-05
2024-09-04 16:00:00+00:00,2.071e-05
2024-09-05 00:00:00+00:00,7.8e-06
2024-09-05 08:00:00+00:00,9.396e-05
2024-09-05 16:00:00.005000+00:00,0.0001
2024-09-06 00:00:00+00:00,6.16e-05
2024-09-06 08:00:00.001000+00:00,0.0001
2024-09-06 16:00:00+00:00,0.0001
2024-09-07 00:00:00+00:00,0.0001
2024-09-07 08:00:00+00:00,7.485e-05
2024-09-07 16:00:00+00:00,-0.00013755
2024-09-08 00:00:00+00:00,-2.212e-05
2024-09-08 08:00:00+00:00,0.0001
2024-09-08 16:00:00+00:00,3.717e-05
2024-09-09 00:00:00+00:00,2.734e-05
2024-09-09 08:00:00+00:00,2.935e-05
2024-09-09 16:00:00.001000+00:00,8.954e-05
2024-09-10 00:00:00+00:00,0.0001
2024-09-10 08:00:00+00:00,0.0001
2024-09-10 16:00:00+00:00,6.285e-05
2024-09-11 00:00:00+00:00,-0.00012135
2024-09-11 08:00:00+00:00,-2.859e-05
2024-09-11 16:00:00+00:00,-2.108e-05
2024-09-12 00:00:00+00:00,0.0001
2024-09-12 08:00:00+00:00,8.938e-05
2024-09-12 16:00:00+00:00,0.0001
2024-09-13 00:00:00+00:00,0.0001
2024-09-13 08:00:00.001000+00:00,8.423e-05
2024-09-13 16:00:00.001000+00:00,0.0001
2024-09-14 00:00:00+00:00,3.751e-05
2024-09-14 08:00:00+00:00,0.0001
2024-09-14 16:00:00.001000+00:00,0.0001
2024-09-15 00:00:00+00:00,7.765e-05
2024-09-15 08:00:00+00:00,-0.00010091
2024-09-15 16:00:00+00:00,7.057e-05
2024-09-16 00:00:00+00:00,-3.344e-05
2024-09-16 08:00:00.001000+00:00,6.222e-05
2024-09-16 16:00:00+00:00,0.0001
2024-09-17 00:00:00.001000+00:00,0.0001
2024-09-17 08:00:00+00:00,0.0001
2024-09-17 16:00:00+00:00,0.0001
2024-09-18 00:00:00+00:00,0.0001
2024-09-18 08:00:00+00:00,0.0001
2024-09-18 16:00:00.004000+00:00,0.0001
2024-09-19 00:00:00+00:00,0.0001
2024-09-19 08:00:00+00:00,0.0001
2024-09-19 16:00:00.001000+00:00,0.0001
2024-09-20 00:00:00+00:00,0.0001
2024-09-20 08:00:00.001000+00:00,0.0001
2024-09-20 16:00:00+00:00,0.0001
2024-09-21 00:00:00.001000+00:00,0.0001
2024-09-21 08:00:00+00:00,0.0001
2024-09-21 16:00:00+00:00,0.0001
2024-09-22 00:00:00+00:00,0.0001
2024-09-22 08:00:00+00:00,0.0001
2024-09-22 16:00:00+00:00,0.0001
2024-09-23 00:00:00+00:00,0.0001
2024-09-23 08:00:00+00:00,0.0001
2024-09-23 16:00:00+00:00,3.489e-05
2024-09-24 00:00:00+00:00,0.0001
2024-09-24 08:00:00+00:00,0.0001
2024-09-24 16:00:00.001000+00:00,-6.009e-05
2024-09-25 00:00:00+00:00,-6.983e-05
2024-09-25 08:00:00.003000+00:00,6.361e-05
2024-09-25 16:00:00+00:00,0.0001
2024-09-26 00:00:00.005000+00:00,0.0001
2024-09-26 08:00:00+00:00,0.0001
2024-09-26 16:00:00+00:00,0.0001
2024-09-27 00:00:00+00:00,0.0001
2024-09-27 08:00:00+00:00,0.0001
2024-09-27 16:00:00+00:00,0.0001
2024-09-28 00:00:00+00:00,0.0001
2024-09-28 08:00:00.001000+00:00,0.0001
2024-09-28 16:00:00+00:00,0.0001
2024-09-29 00:00:00.001000+00:00,0.0001
2024-09-29 08:00:00+00:00,0.0001
2024-09-29 16:00:00+00:00,0.0001
2024-09-30 00:00:00+00:00,0.0001
2024-09-30 08:00:00.001000+00:00,0.0001
2024-09-30 16:00:00+00:00,0.0001
2024-10-01 00:00:00+00:00,0.0001
2024-10-01 08:00:00+00:00,0.0001
2024-10-01 16:00:00.001000+00:00,0.0001
2024-10-02 00:00:00+00:00,0.0001
2024-10-02 08:00:00+00:00,0.0001
2024-10-02 16:00:00+00:00,0.0001
2024-10-03 00:00:00+00:00,4.133e-05
2024-10-03 08:00:00+00:00,0.0001
2024-10-03 16:00:00+00:00,0.0001
2024-10-04 00:00:00+00:00,9.769e-05
2024-10-04 08:00:00+00:00,-1.833e-05
2024-10-04 16:00:00.001000+00:00,-0.00016089
2024-10-05 00:00:00+00:00,0.0001
2024-10-05 08:00:00+00:00,0.0001
2024-10-05 16:00:00+00:00,-0.00046261
2024-10-06 00:00:00+00:00,0.0001
2024-10-06 08:00:00.001000+00:00,-8.891e-05
2024-10-06 16:00:00+00:00,5.93e-06
2024-10-07 00:00:00+00:00,0.0001
2024-10-07 08:00:00+00:00,0.0001
2024-10-07 16:00:00.001000+00:00,0.0001
2024-10-08 00:00:00+00:00,0.0001
2024-10-08 08:00:00+00:00,5.591e-05
2024-10-08 16:00:00+00:00,0.0001
2024-10-09 00:00:00+00:00,0.0001
2024-10-09 08:00:00+00:00,0.0001
2024-10-09 16:00:00+00:00,0.0001
2024-10-10 00:00:00+00:00,9.754e-05
2024-10-10 08:00:00+00:00,5.767e-05
2024-10-10 16:00:00+00:00,6.461e-05
2024-10-11 00:00:00+00:00,-0.00034343
2024-10-11 08:00:00+00:00,-0.0003405
2024-10-11 16:00:00.001000+00:00,8.906e-05
2024-10-12 00:00:00+00:00,0.0001
2024-10-12 08:00:00.001000+00:00,0.0001
2024-10-12 16:00:00+00:00,0.0001
2024-10-13 00:00:00+00:00,0.0001
2024-10-13 08:00:00+00:00,0.0001
2024-10-13 16:00:00+00:00,0.0001
2024-10-14 00:00:00+00:00,0.0001
2024-10-14 08:00:00+00:00,0.0001
2024-10-14 16:00:00+00:00,0.0001
2024-10-15 00:00:00+00:00,0.0001
2024-10-15 08:00:00+00:00,0.0001
2024-10-15 16:00:00+00:00,0.0001
2024-10-16 00:00:00+00:00,0.0001
2024-10-16 08:00:00.001000+00:00,0.0001
2024-10-16 16:00:00+00:00,0.0001
2024-10-17 00:00:00+00:00,0.0001
2024-10-17 08:00:00+00:00,0.0001
2024-10-17 16:00:00.001000+00:00,0.0001
2024-10-18 00:00:00.010000+00:00,0.0001
2024-10-18 08:00:00.001000+00:00,0.0001
2024-10-18 16:00:00+00:00,0.0001
2024-10-19 00:00:00+00:00,0.0001
2024-10-19 08:00:00+00:00,0.0001
2024-10-19 16:00:00+00:00,0.0001
2024-10-20 00:00:00+00:00,0.0001
2024-10-20 08:00:00+00:00,0.0001
2024-10-20 16:00:00+00:00,0.0001
2024-10-21 00:00:00+00:00,0.0001
2024-10-21 08:00:00+00:00,0.0001
2024-10-21 16:00:00+00:00,0.0001
2024-10-22 00:00:00+00:00,0.0001
2024-10-22 08:00:00+00:00,0.0001
2024-10-22 16:00:00+00:00,0.0001
2024-10-23 00:00:00+00:00,0.0001
2024-10-23 08:00:00+00:00,0.0001
2024-10-23 16:00:00+00:00,0.0001
2024-10-24 00:00:00+00:00,0.0001
2024-10-24 08:00:00+00:00,0.0001
2024-10-24 16:00:00+00:00,0.0001
2024-10-25 00:00:00+00:00,0.0001
2024-10-25 08:00:00+00:00,0.0001
2024-10-25 16:00:00+00:00,0.0001
2024-10-26 00:00:00+00:00,0.0001
2024-10-26 08:00:00.001000+00:00,0.0001
2024-10-26 16:00:00+00:00,0.0001
2024-10-27 00:00:00+00:00,0.0001
2024-10-27 08:00:00+00:00,0.0001
2024-10-27 16:00:00+00:00,0.0001
2024-10-28 00:00:00+00:00,5.762e-05
2024-10-28 08:00:00.001000+00:00,0.0001
2024-10-28 16:00:00+00:00,0.0001
2024-10-29 00:00:00+00:00,0.0001
2024-10-29 08:00:00+00:00,0.0001
2024-10-29 16:00:00.004000+00:00,0.0001
2024-10-30 00:00:00+00:00,0.0001
2024-10-30 08:00:00+00:00,0.0001
2024-10-30 16:00:00.013000+00:00,0.0001
2024-10-31 00:00:00+00:00,0.0001
2024-10-31 08:00:00+00:00,0.0001
2024-10-31 16:00:00+00:00,0.0001
2024-11-01 00:00:00+00:00,0.0001
2024-11-01 08:00:00+00:00,0.0001
2024-11-01 16:00:00+00:00,0.0001
2024-11-02 00:00:00+00:00,7.519e-05
2024-11-02 08:00:00+00:00,2.973e-05
2024-11-02 16:00:00+00:00,9.021e-05
2024-11-03 00:00:00+00:00,0.0001
2024-11-03 08:00:00+00:00,0.0001
2024-11-03 16:00:00+00:00,0.0001
2024-11-04 00:00:00+00:00,6.977e-05
2024-11-04 08:00:00+00:00,0.0001
2024-11-04 16:00:00+00:00,0.0001
2024-11-05 00:00:00+00:00,0.0001
2024-11-05 08:00:00.003000+00:00,0.0001
2024-11-05 16:00:00.001000+00:00,0.0001
2024-11-06 00:00:00+00:00,0.0001
2024-11-06 08:00:00+00:00,0.0001
2024-11-06 16:00:00+00:00,6.743e-05
2024-11-07 00:00:00+00:00,5.778e-05
2024-11-07 08:00:00+00:00,-6.62e-06
2024-11-07 16:00:00+00:00,0.0001
2024-11-08 00:00:00+00:00,0.0001
2024-11-08 08:00:00+00:00,0.0001
2024-11-08 16:00:00+00:00,0.0001
2024-11-09 00:00:00+00:00,0.0001
2024-11-09 08:00:00+00:00,0.0001
2024-11-09 16:00:00+00:00,0.0001
2024-11-10 00:00:00+00:00,0.0001
2024-11-10 08:00:00+00:00,0.0001
2024-11-10 16:00:00+00:00,0.00012915
2024-11-11 00:00:00.001000+00:00,0.0001
2024-11-11 08:00:00+00:00,0.0001
2024-11-11 16:00:00+00:00,0.0001
2024-11-12 00:00:00.002000+00:00,0.00016005
2024-11-12 08:00:00+00:00,0.00054154
2024-11-12 16:00:00+00:00,0.0002615
2024-11-13 00:00:00+00:00,0.00027313
2024-11-13 08:00:00.010000+00:00,0.0001
2024-11-13 16:00:00+00:00,0.0001
2024-11-14 00:00:00.001000+00:00,0.0001
2024-11-14 08:00:00+00:00,0.00017898
2024-11-14 16:00:00+00:00,0.0001
2024-11-15 00:00:00+00:00,0.0001
2024-11-15 08:00:00+00:00,0.0001
2024-11-15 16:00:00+00:00,0.0001
2024-11-16 00:00:00.001000+00:00,0.0001
2024-11-16 08:00:00.001000+00:00,0.0001
2024-11-16 16:00:00+00:00,0.0001
2024-11-17 00:00:00+00:00,0.00010389
2024-11-17 08:00:00+00:00,0.0001
2024-11-17 16:00:00.001000+00:00,0.0001
2024-11-18 00:00:00+00:00,0.0001
2024-11-18 08:00:00+00:00,0.00036738
2024-11-18 16:00:00+00:00,0.00026832
2024-11-19 00:00:00+00:00,0.00019289
2024-11-19 08:00:00+00:00,0.00032576
2024-11-19 16:00:00+00:00,0.00012519
2024-11-20 00:00:00.003000+00:00,0.0001
2024-11-20 08:00:00+00:00,0.0001
2024-11-20 16:00:00+00:00,0.0001
2024-11-21 00:00:00.001000+00:00,0.0001
2024-11-21 08:00:00+00:00,0.0001
2024-11-21 16:00:00.001000+00:00,0.0001
2024-11-22 00:00:00+00:00,0.00028215
2024-11-22 08:00:00+00:00,0.00023209
2024-11-22 16:00:00.001000+00:00,0.00027699
2024-11-23 00:00:00+00:00,0.00015731
2024-11-23 08:00:00+00:00,0.00042463
2024-11-23 16:00:00+00:00,0.00033611
2024-11-24 00:00:00.001000+00:00,0.000232
2024-11-24 08:00:00+00:00,0.00036395
2024-11-24 16:00:00+00:00,0.00012136
2024-11-25 00:00:00+00:00,0.00019598
2024-11-25 08:00:00+00:00,0.0001
2024-11-25 16:00:00+00:00,0.0002091
2024-11-26 00:00:00+00:00,0.00010279
2024-11-26 08:00:00+00:00,0.0001
2024-11-26 16:00:00+00:00,0.0001
2024-11-27 00:00:00+00:00,0.0001
2024-11-27 08:00:00+00:00,0.0001
2024-11-27 16:00:00.001000+00:00,0.00017247
2024-11-28 00:00:00+00:00,0.00026618
2024-11-28 08:00:00+00:00,0.000344
2024-11-28 16:00:00+00:00,0.0001
2024-11-29 00:00:00+00:00,0.00019738
2024-11-29 08:00:00+00:00,0.00018059
2024-11-29 16:00:00+00:00,0.00015572
2024-11-30 00:00:00+00:00,0.00038457
2024-11-30 08:00:00+00:00,0.00020288
2024-11-30 16:00:00+00:00,0.00020875
2024-12-01 00:00:00+00:00,0.00024825
2024-12-01 08:00:00+00:00,0.00013261
2024-12-01 16:00:00+00:00,0.00031288
2024-12-02 00:00:00.001000+00:00,0.00031104
2024-12-02 08:00:00.001000+00:00,0.00022636
2024-12-02 16:00:00+00:00,0.00022191
2024-12-03 00:00:00+00:00,0.00012681
2024-12-03 08:00:00+00:00,0.00059406
2024-12-03 16:00:00+00:00,0.00031057
2024-12-04 00:00:00+00:00,0.00050396
2024-12-04 08:00:00+00:00,0.00058602
2024-12-04 16:00:00+00:00,0.00052358
2024-12-05 00:00:00.001000+00:00,0.00035945
2024-12-05 08:00:00+00:00,0.0007035
2024-12-05 16:00:00+00:00,0.00070612
2024-12-06 00:00:00+00:00,0.00027775
2024-12-06 08:00:00+00:00,0.00038392
2024-12-06 16:00:00+00:00,0.00021041
2024-12-07 00:00:00+00:00,0.00038657
2024-12-07 08:00:00+00:00,0.00049735
2024-12-07 16:00:00+00:00,0.00056086
2024-12-08 00:00:00+00:00,0.00051213
2024-12-08 08:00:00+00:00,0.00053132
2024-12-08 16:00:00+00:00,0.00044248
2024-12-09 00:00:00+00:00,0.0003122
2024-12-09 08:00:00+00:00,0.0001
2024-12-09 16:00:00.001000+00:00,0.0001
2024-12-10 00:00:00.007000+00:00,0.0001
2024-12-10 08:00:00+00:00,0.0001
2024-12-10 16:00:00+00:00,0.0001
2024-12-11 00:00:00+00:00,0.0001
2024-12-11 08:00:00+00:00,0.0001
2024-12-11 16:00:00.001000+00:00,0.0001
2024-12-12 00:00:00.001000+00:00,0.0001
2024-12-12 08:00:00+00:00,0.0001
2024-12-12 16:00:00.001000+00:00,0.0001
2024-12-13 00:00:00+00:00,0.0001
2024-12-13 08:00:00+00:00,0.0001
2024-12-13 16:00:00.001000+00:00,0.0001
2024-12-14 00:00:00+00:00,0.0001
2024-12-14 08:00:00+00:00,0.0001
2024-12-14 16:00:00+00:00,0.0001
2024-12-15 00:00:00+00:00,0.0001
2024-12-15 08:00:00+00:00,0.0001
2024-12-15 16:00:00+00:00,0.0001
2024-12-16 00:00:00+00:00,0.0001
2024-12-16 08:00:00.001000+00:00,0.0001
2024-12-16 16:00:00+00:00,0.0001
2024-12-17 00:00:00+00:00,0.0001
2024-12-17 08:00:00+00:00,0.0001
2024-12-17 16:00:00+00:00,0.0001
2024-12-18 00:00:00+00:00,0.0001
2024-12-18 08:00:00+00:00,0.0001
2024-12-18 16:00:00+00:00,0.0001
2024-12-19 00:00:00+00:00,0.0001
2024-12-19 08:00:00+00:00,0.0001
2024-12-19 16:00:00+00:00,0.0001
2024-12-20 00:00:00+00:00,8.059e-05
2024-12-20 08:00:00.001000+00:00,0.0001
2024-12-20 16:00:00.014000+00:00,0.0001
2024-12-21 00:00:00+00:00,1.329e-05
2024-12-21 08:00:00+00:00,7.214e-05
2024-12-21 16:00:00.001000+00:00,4.45e-05
2024-12-22 00:00:00+00:00,-2.48e-06
2024-12-22 08:00:00+00:00,0.0001
2024-12-22 16:00:00+00:00,-3.358e-05
2024-12-23 00:00:00+00:00,-1.079e-05
2024-12-23 08:00:00+00:00,0.0001
2024-12-23 16:00:00.001000+00:00,0.0001
2024-12-24 00:00:00+00:00,0.0001
2024-12-24 08:00:00+00:00,2.19e-06
2024-12-24 16:00:00.001000+00:00,0.0001
2024-12-25 00:00:00.001000+00:00,0.0001
2024-12-25 08:00:00+00:00,0.0001
2024-12-25 16:00:00+00:00,0.0001
2024-12-26 00:00:00+00:00,0.0001
2024-12-26 08:00:00+00:00,0.0001
2024-12-26 16:00:00+00:00,0.0001
2024-12-27 00:00:00+00:00,0.0001
2024-12-27 08:00:00+00:00,0.0001
2024-12-27 16:00:00+00:00,0.0001
2024-12-28 00:00:00.001000+00:00,0.0001
2024-12-28 08:00:00+00:00,0.0001
2024-12-28 16:00:00+00:00,0.0001
2024-12-29 00:00:00+00:00,0.0001
2024-12-29 08:00:00+00:00,0.0001
2024-12-29 16:00:00+00:00,0.0001
2024-12-30 00:00:00+00:00,0.0001
2024-12-30 08:00:00.001000+00:00,0.0001
2024-12-30 16:00:00+00:00,0.0001
2024-12-31 00:00:00+00:00,0.0001
2024-12-31 08:00:00+00:00,0.0001
2024-12-31 16:00:00+00:00,0.0001
2025-01-01 00:00:00.015000+00:00,0.0001
2025-01-01 08:00:00+00:00,0.0001
2025-01-01 16:00:00.001000+00:00,0.0001
2025-01-02 00:00:00+00:00,0.0001
2025-01-02 08:00:00.006000+00:00,0.0001
2025-01-02 16:00:00+00:00,0.0001
2025-01-03 00:00:00+00:00,0.0001
2025-01-03 08:00:00+00:00,0.0001
2025-01-03 16:00:00+00:00,0.0001
2025-01-04 00:00:00+00:00,0.0001
2025-01-04 08:00:00+00:00,0.0001
2025-01-04 16:00:00+00:00,0.0001
2025-01-05 00:00:00+00:00,0.0001
2025-01-05 08:00:00+00:00,0.0001
2025-01-05 16:00:00+00:00,0.0001
2025-01-06 00:00:00+00:00,0.0001
2025-01-06 08:00:00.001000+00:00,0.0001
2025-01-06 16:00:00+00:00,0.0001
2025-01-07 00:00:00+00:00,0.0001
2025-01-07 08:00:00+00:00,0.0001
2025-01-07 16:00:00.008000+00:00,0.0001
2025-01-08 00:00:00.001000+00:00,0.0001
2025-01-08 08:00:00+00:00,0.0001
2025-01-08 16:00:00+00:00,0.0001
2025-01-09 00:00:00+00:00,0.0001
2025-01-09 08:00:00+00:00,0.0001
2025-01-09 16:00:00+00:00,0.0001
2025-01-10 00:00:00+00:00,0.0001
2025-01-10 08:00:00+00:00,0.0001
2025-01-10 16:00:00+00:00,0.0001
2025-01-11 00:00:00+00:00,0.0001
2025-01-11 08:00:00+00:00,0.0001
2025-01-11 16:00:00+00:00,0.0001
2025-01-12 00:00:00+00:00,0.0001
2025-01-12 08:00:00+00:00,0.0001
2025-01-12 16:00:00+00:00,0.0001
2025-01-13 00:00:00+00:00,0.0001
2025-01-13 08:00:00+00:00,0.0001
2025-01-13 16:00:00+00:00,0.0001
2025-01-14 00:00:00+00:00,0.0001
2025-01-14 08:00:00+00:00,0.0001
2025-01-14 16:00:00+00:00,0.0001
2025-01-15 00:00:00+00:00,7.518e-05
2025-01-15 08:00:00+00:00,0.0001
2025-01-15 16:00:00+00:00,0.0001
2025-01-16 00:00:00+00:00,0.0001
2025-01-16 08:00:00+00:00,0.0001
2025-01-16 16:00:00+00:00,0.0001
2025-01-17 00:00:00.004000+00:00,0.0001
2025-01-17 08:00:00+00:00,0.0001
2025-01-17 16:00:00.008000+00:00,0.0001
2025-01-18 00:00:00+00:00,0.0001
2025-01-18 08:00:00.007000+00:00,0.0001
2025-01-18 16:00:00+00:00,0.0001
2025-01-19 00:00:00+00:00,0.0001
2025-01-19 08:00:00+00:00,0.0001
2025-01-19 16:00:00+00:00,0.0001
2025-01-20 00:00:00+00:00,0.0001
2025-01-20 08:00:00.009000+00:00,0.0001
2025-01-20 16:00:00+00:00,0.0001
2025-01-21 00:00:00+00:00,0.0001
2025-01-21 08:00:00+00:00,0.0001
2025-01-21 16:00:00+00:00,0.0001
2025-01-22 00:00:00+00:00,0.0001
2025-01-22 08:00:00+00:00,0.0001
2025-01-22 16:00:00+00:00,0.0001
2025-01-23 00:00:00.001000+00:00,0.0001
2025-01-23 08:00:00+00:00,0.0001
2025-01-23 16:00:00+00:00,0.0001
2025-01-24 00:00:00+00:00,0.0001
2025-01-24 08:00:00+00:00,0.0001
2025-01-24 16:00:00+00:00,0.0001
2025-01-25 00:00:00+00:00,0.0001
2025-01-25 08:00:00+00:00,0.0001
2025-01-25 16:00:00.001000+00:00,0.0001
2025-01-26 00:00:00+00:00,0.0001
2025-01-26 08:00:00+00:00,0.0001
2025-01-26 16:00:00+00:00,0.0001
2025-01-27 00:00:00+00:00,0.0001
2025-01-27 08:00:00+00:00,0.0001
2025-01-27 16:00:00+00:00,0.0001
2025-01-28 00:00:00+00:00,0.0001
2025-01-28 08:00:00+00:00,0.0001
2025-01-28 16:00:00+00:00,0.0001
2025-01-29 00:00:00+00:00,0.0001
2025-01-29 08:00:00+00:00,0.0001
2025-01-29 16:00:00+00:00,0.0001
2025-01-30 00:00:00+00:00,0.0001
2025-01-30 08:00:00+00:00,0.0001
2025-01-30 16:00:00+00:00,0.0001
2025-01-31 00:00:00+00:00,0.0001
2025-01-31 08:00:00+00:00,0.0001
2025-01-31 16:00:00+00:00,0.0001
2025-02-01 00:00:00+00:00,0.0001
2025-02-01 08:00:00+00:00,0.0001
2025-02-01 16:00:00+00:00,0.0001
2025-02-02 00:00:00.001000+00:00,0.0001
2025-02-02 08:00:00+00:00,0.0001
2025-02-02 16:00:00+00:00,0.0001
2025-02-03 00:00:00+00:00,3.902e-05
2025-02-03 08:00:00+00:00,-4.215e-05
2025-02-03 16:00:00+00:00,6.67e-06
2025-02-04 00:00:00+00:00,4.499e-05
2025-02-04 08:00:00.001000+00:00,-1.713e-05
2025-02-04 16:00:00+00:00,9.953e-05
2025-02-05 00:00:00.001000+00:00,0.0001
2025-02-05 08:00:00.001000+00:00,0.0001
2025-02-05 16:00:00+00:00,2.652e-05
2025-02-06 00:00:00.001000+00:00,0.0001
2025-02-06 08:00:00.001000+00:00,0.0001
2025-02-06 16:00:00+00:00,0.0001
2025-02-07 00:00:00+00:00,0.0001
2025-02-07 08:00:00+00:00,0.0001
2025-02-07 16:00:00+00:00,0.0001
2025-02-08 00:00:00+00:00,0.0001
2025-02-08 08:00:00+00:00,0.0001
2025-02-08 16:00:00+00:00,0.0001
2025-02-09 00:00:00+00:00,0.0001
2025-02-09 08:00:00+00:00,7.5e-06
2025-02-09 16:00:00+00:00,-6.167e-05
2025-02-10 00:00:00+00:00,3.717e-05
2025-02-10 08:00:00+00:00,3.928e-05
2025-02-10 16:00:00+00:00,0.0001
2025-02-11 00:00:00+00:00,0.0001
2025-02-11 08:00:00+00:00,0.0001
2025-02-11 16:00:00+00:00,2.545e-05
2025-02-12 00:00:00+00:00,-9.996e-05
2025-02-12 08:00:00+00:00,0.0001
2025-02-12 16:00:00.001000+00:00,0.0001
2025-02-13 00:00:00.001000+00:00,0.0001
2025-02-13 08:00:00+00:00,-3.455e-05
2025-02-13 16:00:00.001000+00:00,0.0001
2025-02-14 00:00:00+00:00,0.0001
2025-02-14 08:00:00.001000+00:00,0.0001
2025-02-14 16:00:00+00:00,0.0001
2025-02-15 00:00:00+00:00,0.0001
2025-02-15 08:00:00+00:00,0.0001
2025-02-15 16:00:00+00:00,-3.207e-05
2025-02-16 00:00:00+00:00,0.0001
2025-02-16 08:00:00+00:00,7.624e-05
2025-02-16 16:00:00+00:00,0.0001
2025-02-17 00:00:00+00:00,-0.00016748
2025-02-17 08:00:00+00:00,2.758e-05
2025-02-17 16:00:00+00:00,0.0001
2025-02-18 00:00:00+00:00,-0.00015108
2025-02-18 08:00:00+00:00,5.524e-05
2025-02-18 16:00:00+00:00,-0.00014107
2025-02-19 00:00:00+00:00,0.0001
2025-02-19 08:00:00+00:00,0.0001
2025-02-19 16:00:00+00:00,-0.00011458
2025-02-20 00:00:00+00:00,4.247e-05
2025-02-20 08:00:00+00:00,-0.0002303
2025-02-20 16:00:00+00:00,0.0001
2025-02-21 00:00:00.001000+00:00,0.0001
2025-02-21 08:00:00+00:00,0.0001
2025-02-21 16:00:00+00:00,0.0001
2025-02-22 00:00:00+00:00,0.0001
2025-02-22 08:00:00+00:00,8.051e-05
2025-02-22 16:00:00+00:00,0.0001
2025-02-23 00:00:00+00:00,0.0001
2025-02-23 08:00:00+00:00,-1.183e-05
2025-02-23 16:00:00+00:00,9.56e-05
2025-02-24 00:00:00+00:00,-7.58e-06
2025-02-24 08:00:00+00:00,9.525e-05
2025-02-24 16:00:00+00:00,9.471e-05
2025-02-25 00:00:00+00:00,-0.00032844
2025-02-25 08:00:00+00:00,9.998e-05
2025-02-25 16:00:00+00:00,0.0001
2025-02-26 00:00:00+00:00,-0.00015803
2025-02-26 08:00:00+00:00,3.857e-05
2025-02-26 16:00:00+00:00,0.0001
2025-02-27 00:00:00.001000+00:00,7.106e-05
2025-02-27 08:00:00+00:00,0.0001
2025-02-27 16:00:00+00:00,0.0001
2025-02-28 00:00:00.001000+00:00,-0.00026793
2025-02-28 08:00:00+00:00,1.006e-05
2025-02-28 16:00:00+00:00,0.0001
2025-03-01 00:00:00+00:00,0.0001
2025-03-01 08:00:00+00:00,4.015e-05
2025-03-01 16:00:00.001000+00:00,9.624e-05
2025-03-02 00:00:00+00:00,-0.00020767
2025-03-02 08:00:00+00:00,7.676e-05
2025-03-02 16:00:00+00:00,5.657e-05
2025-03-03 00:00:00.001000+00:00,0.0001
2025-03-03 08:00:00+00:00,0.0001
2025-03-03 16:00:00+00:00,0.0001
2025-03-04 00:00:00.001000+00:00,0.0001
2025-03-04 08:00:00.005000+00:00,0.0001
2025-03-04 16:00:00+00:00,0.0001
2025-03-05 00:00:00+00:00,7.676e-05
2025-03-05 08:00:00+00:00,-0.00010853
2025-03-05 16:00:00+00:00,6.673e-05
2025-03-06 00:00:00+00:00,0.0001
2025-03-06 08:00:00.001000+00:00,0.0001
2025-03-06 16:00:00+00:00,1.99e-06
2025-03-07 00:00:00+00:00,-1.846e-05
2025-03-07 08:00:00.001000+00:00,-2.64e-06
2025-03-07 16:00:00+00:00,0.0001
2025-03-08 00:00:00+00:00,-0.0003438
2025-03-08 08:00:00.001000+00:00,0.0001
2025-03-08 16:00:00.001000+00:00,4.699e-05
2025-03-09 00:00:00.001000+00:00,-2.026e-05
2025-03-09 08:00:00+00:00,-0.00028376
2025-03-09 16:00:00+00:00,5.033e-05
2025-03-10 00:00:00+00:00,1.071e-05
2025-03-10 08:00:00+00:00,-0.00018418
2025-03-10 16:00:00+00:00,-2.745e-05
2025-03-11 00:00:00+00:00,-0.00027201
2025-03-11 08:00:00+00:00,0.0001
2025-03-11 16:00:00.001000+00:00,0.0001
2025-03-12 00:00:00+00:00,0.0001
2025-03-12 08:00:00+00:00,0.0001
2025-03-12 16:00:00.001000+00:00,0.0001
2025-03-13 00:00:00+00:00,0.0001
2025-03-13 08:00:00+00:00,0.0001
2025-03-13 16:00:00+00:00,0.0001
2025-03-14 00:00:00+00:00,-3.201e-05
2025-03-14 08:00:00+00:00,-1.478e-05
2025-03-14 16:00:00+00:00,1.634e-05
2025-03-15 00:00:00+00:00,-0.00036587
2025-03-15 08:00:00+00:00,0.0001
2025-03-15 16:00:00+00:00,9.471e-05
2025-03-16 00:00:00+00:00,6.574e-05
2025-03-16 08:00:00+00:00,9.716e-05
2025-03-16 16:00:00+00:00,-0.00039242
2025-03-17 00:00:00+00:00,-0.00019665
2025-03-17 08:00:00+00:00,0.0001
2025-03-17 16:00:00+00:00,1.722e-05
2025-03-18 00:00:00+00:00,0.0001
2025-03-18 08:00:00+00:00,2.355e-05
2025-03-18 16:00:00+00:00,0.0001
2025-03-19 00:00:00+00:00,-5.809e-05
2025-03-19 08:00:00+00:00,0.0001
2025-03-19 16:00:00+00:00,0.0001
2025-03-20 00:00:00+00:00,0.0001
2025-03-20 08:00:00+00:00,4.989e-05
2025-03-20 16:00:00+00:00,0.0001
2025-03-21 00:00:00+00:00,0.0001
2025-03-21 08:00:00+00:00,0.0001
2025-03-21 16:00:00+00:00,0.0001
2025-03-22 00:00:00+00:00,0.0001
2025-03-22 08:00:00.004000+00:00,0.0001
2025-03-22 16:00:00+00:00,0.0001
2025-03-23 00:00:00+00:00,-4.479e-05
2025-03-23 08:00:00+00:00,0.0001
2025-03-23 16:00:00+00:00,8.591e-05
2025-03-24 00:00:00+00:00,0.0001
2025-03-24 08:00:00+00:00,-9.967e-05
2025-03-24 16:00:00+00:00,0.0001
2025-03-25 00:00:00.001000+00:00,0.0001
2025-03-25 08:00:00+00:00,-0.00038588
2025-03-25 16:00:00+00:00,-0.00014524
2025-03-26 00:00:00+00:00,-8.434e-05
2025-03-26 08:00:00+00:00,0.0001
2025-03-26 16:00:00.001000+00:00,-0.00048892
2025-03-27 00:00:00.001000+00:00,0.0001
2025-03-27 08:00:00.001000+00:00,0.0001
2025-03-27 16:00:00.002000+00:00,0.0001
2025-03-28 00:00:00.001000+00:00,0.0001
2025-03-28 08:00:00.001000+00:00,0.0001
2025-03-28 16:00:00+00:00,0.0001
2025-03-29 00:00:00+00:00,9.515e-05
2025-03-29 08:00:00+00:00,-4.331e-05
2025-03-29 16:00:00+00:00,-0.00016446
2025-03-30 00:00:00+00:00,-0.00025866
2025-03-30 08:00:00+00:00,-8.175e-05
2025-03-30 16:00:00+00:00,0.0001
2025-03-31 00:00:00+00:00,7.806e-05
2025-03-31 08:00:00+00:00,-8.208e-05
2025-03-31 16:00:00+00:00,-6.423e-05
2025-04-01 00:00:00+00:00,-0.00042808
2025-04-01 08:00:00.001000+00:00,-0.00085902
2025-04-01 16:00:00+00:00,-0.00091542
2025-04-02 00:00:00.001000+00:00,-0.00136445
2025-04-02 08:00:00+00:00,-0.00140768
2025-04-02 16:00:00+00:00,-0.00018246
2025-04-03 00:00:00+00:00,-0.00067039
2025-04-03 08:00:00+00:00,-0.00038029
2025-04-03 16:00:00+00:00,-0.00096259
2025-04-04 00:00:00+00:00,-0.00107313
2025-04-04 08:00:00+00:00,-0.00087161
2025-04-04 16:00:00+00:00,-0.00195968
2025-04-05 00:00:00+00:00,-0.00108243
2025-04-05 08:00:00+00:00,-0.00267313
2025-04-05 16:00:00+00:00,-0.00167706
2025-04-06 00:00:00+00:00,-0.00092587
2025-04-06 08:00:00+00:00,-0.00124448
2025-04-06 16:00:00.002000+00:00,-0.00205824
2025-04-07 00:00:00+00:00,-0.00368872
2025-04-07 08:00:00+00:00,-0.01639734
2025-04-07 16:00:00+00:00,-0.00507307
2025-04-08 00:00:00+00:00,-0.00396804
2025-04-08 08:00:00+00:00,-0.00215224
2025-04-08 16:00:00+00:00,-0.00211503
2025-04-09 00:00:00+00:00,-0.01579405
2025-04-09 08:00:00.001000+00:00,-0.00247209
2025-04-09 16:00:00+00:00,4.87e-05
2025-04-10 00:00:00+00:00,-0.00052637
2025-04-10 08:00:00+00:00,-0.00141141
2025-04-10 16:00:00+00:00,-0.0108858
2025-04-11 00:00:00.001000+00:00,-0.00986285
2025-04-11 08:00:00+00:00,-0.00749553
2025-04-11 16:00:00+00:00,-0.00281475
2025-04-12 00:00:00+00:00,0.0001
2025-04-12 08:00:00.001000+00:00,-0.00375714
2025-04-12 16:00:00+00:00,-0.00444775
2025-04-13 00:00:00+00:00,-0.00326117
2025-04-13 08:00:00+00:00,-0.01328594
2025-04-13 16:00:00+00:00,-0.00445015
2025-04-14 00:00:00+00:00,-0.00237033
2025-04-14 08:00:00+00:00,-0.00279484
2025-04-14 16:00:00+00:00,-0.00078932
2025-04-15 00:00:00+00:00,0.0001
2025-04-15 08:00:00+00:00,0.0001
2025-04-15 16:00:00.001000+00:00,0.0001
2025-04-16 00:00:00+00:00,0.0001
2025-04-16 08:00:00+00:00,0.0001
2025-04-16 16:00:00+00:00,0.0001
2025-04-17 00:00:00.001000+00:00,0.0001
2025-04-17 08:00:00+00:00,0.0001
2025-04-17 16:00:00.001000+00:00,0.0001
2025-04-18 00:00:00+00:00,0.0001
2025-04-18 08:00:00+00:00,0.0001
2025-04-18 16:00:00+00:00,0.0001
2025-04-19 00:00:00+00:00,0.0001
2025-04-19 08:00:00+00:00,0.0001
2025-04-19 16:00:00+00:00,0.0001
2025-04-20 00:00:00+00:00,0.0001
2025-04-20 08:00:00+00:00,0.0001
2025-04-20 16:00:00+00:00,0.0001
2025-04-21 00:00:00+00:00,0.0001
2025-04-21 08:00:00.005000+00:00,0.0001
2025-04-21 16:00:00.003000+00:00,0.0001
2025-04-22 00:00:00.008000+00:00,0.0001
2025-04-22 08:00:00+00:00,0.0001
2025-04-22 16:00:00+00:00,0.0001
2025-04-23 00:00:00+00:00,0.0001
2025-04-23 08:00:00.002000+00:00,0.0001
2025-04-23 16:00:00+00:00,0.0001
2025-04-24 00:00:00+00:00,0.0001
2025-04-24 08:00:00.001000+00:00,0.0001
2025-04-24 16:00:00.001000+00:00,0.0001
2025-04-25 00:00:00.007000+00:00,0.0001
2025-04-25 08:00:00.002000+00:00,0.0001
2025-04-25 16:00:00.003000+00:00,0.0001
2025-04-26 00:00:00.002000+00:00,0.0001
2025-04-26 08:00:00+00:00,0.0001
2025-04-26 16:00:00.002000+00:00,0.0001
2025-04-27 00:00:00.001000+00:00,0.0001
2025-04-27 08:00:00+00:00,0.0001
2025-04-27 16:00:00+00:00,0.0001
2025-04-28 00:00:00.001000+00:00,0.0001
2025-04-28 08:00:00.003000+00:00,-0.00010261
2025-04-28 16:00:00.005000+00:00,0.0001
2025-04-29 00:00:00+00:00,0.0001
2025-04-29 08:00:00+00:00,0.0001
2025-04-29 16:00:00.010000+00:00,0.0001
2025-04-30 00:00:00.001000+00:00,0.0001
2025-04-30 08:00:00+00:00,0.0001
2025-04-30 16:00:00.003000+00:00,0.0001
2025-05-01 00:00:00+00:00,0.0001
2025-05-01 08:00:00+00:00,0.0001
2025-05-01 16:00:00.001000+00:00,0.0001
2025-05-02 00:00:00+00:00,0.0001
2025-05-02 08:00:00+00:00,0.0001
2025-05-02 16:00:00.003000+00:00,0.0001
2025-05-03 00:00:00+00:00,0.0001
2025-05-03 08:00:00+00:00,0.0001
2025-05-03 16:00:00+00:00,0.0001
2025-05-04 00:00:00.001000+00:00,0.0001
2025-05-04 08:00:00.001000+00:00,8.63e-06
2025-05-04 16:00:00.002000+00:00,-1.362e-05
2025-05-05 00:00:00+00:00,0.0001
2025-05-05 08:00:00+00:00,0.0001
2025-05-05 16:00:00.006000+00:00,-3.149e-05
2025-05-06 00:00:00.002000+00:00,3.342e-05
2025-05-06 08:00:00.005000+00:00,5.024e-05
2025-05-06 16:00:00+00:00,2.051e-05
2025-05-07 00:00:00.002000+00:00,-4.723e-05
2025-05-07 08:00:00+00:00,0.0001
2025-05-07 16:00:00.006000+00:00,-8.356e-05
2025-05-08 00:00:00+00:00,3.042e-05
2025-05-08 08:00:00.001000+00:00,0.0001
2025-05-08 16:00:00.002000+00:00,3.18e-06
2025-05-09 00:00:00.001000+00:00,0.0001
2025-05-09 08:00:00.006000+00:00,0.0001
2025-05-09 16:00:00+00:00,0.0001
2025-05-10 00:00:00.001000+00:00,0.0001
2025-05-10 08:00:00+00:00,0.0001
2025-05-10 16:00:00.001000+00:00,0.0001
2025-05-11 00:00:00+00:00,0.0001
2025-05-11 08:00:00.001000+00:00,0.0001
2025-05-11 16:00:00.001000+00:00,0.0001
2025-05-12 00:00:00.004000+00:00,0.0001
2025-05-12 08:00:00+00:00,0.0001
2025-05-12 16:00:00+00:00,0.0001
2025-05-13 00:00:00+00:00,0.0001
2025-05-13 08:00:00.008000+00:00,0.0001
2025-05-13 16:00:00.001000+00:00,0.0001
2025-05-14 00:00:00.007000+00:00,0.0001
2025-05-14 08:00:00+00:00,0.0001
2025-05-14 16:00:00.002000+00:00,0.0001
2025-05-15 00:00:00+00:00,0.0001
2025-05-15 08:00:00.003000+00:00,0.0001
2025-05-15 16:00:00+00:00,0.0001
2025-05-16 00:00:00.001000+00:00,0.0001
2025-05-16 08:00:00+00:00,0.0001
2025-05-16 16:00:00+00:00,4.893e-05
2025-05-17 00:00:00+00:00,0.0001
2025-05-17 08:00:00.001000+00:00,-3.814e-05
2025-05-17 16:00:00.004000+00:00,-3.159e-05
2025-05-18 00:00:00+00:00,4.596e-05
2025-05-18 08:00:00+00:00,0.0001
2025-05-18 16:00:00+00:00,0.0001
2025-05-19 00:00:00+00:00,-5.406e-05
2025-05-19 08:00:00.006000+00:00,-0.00016753
2025-05-19 16:00:00.010000+00:00,-0.00016113
2025-05-20 00:00:00+00:00,0.0001
2025-05-20 08:00:00.002000+00:00,0.0001
2025-05-20 16:00:00+00:00,-7.992e-05
2025-05-21 00:00:00+00:00,-0.00014899
2025-05-21 08:00:00.001000+00:00,4.919e-05
2025-05-21 16:00:00.004000+00:00,0.0001
2025-05-22 00:00:00.001000+00:00,-8.573e-05
2025-05-22 08:00:00+00:00,0.0001
2025-05-22 16:00:00.002000+00:00,0.0001
2025-05-23 00:00:00.006000+00:00,0.0001
2025-05-23 08:00:00+00:00,0.0001
2025-05-23 16:00:00.007000+00:00,0.0001
2025-05-24 00:00:00.010000+00:00,0.0001
2025-05-24 08:00:00+00:00,0.0001
2025-05-24 16:00:00.003000+00:00,0.0001
2025-05-25 00:00:00.004000+00:00,2.026e-05
2025-05-25 08:00:00+00:00,0.0001
2025-05-25 16:00:00+00:00,-0.00014901
2025-05-26 00:00:00+00:00,-0.00016727
2025-05-26 08:00:00+00:00,0.0001
2025-05-26 16:00:00.002000+00:00,-0.00017654
2025-05-27 00:00:00.003000+00:00,0.0001
2025-05-27 08:00:00.001000+00:00,0.0001
2025-05-27 16:00:00.005000+00:00,4.056e-05
2025-05-28 00:00:00.002000+00:00,-0.00021681
2025-05-28 08:00:00.003000+00:00,-0.00025368
2025-05-28 16:00:00.002000+00:00,-0.00024912
2025-05-29 00:00:00+00:00,-0.00030751
2025-05-29 08:00:00.006000+00:00,-0.00045477
2025-05-29 16:00:00+00:00,-0.00018728
2025-05-30 00:00:00.003000+00:00,-0.00020406
2025-05-30 08:00:00.003000+00:00,-9.636e-05
2025-05-30 16:00:00+00:00,-0.00013393
2025-05-31 00:00:00+00:00,7.09e-05
2025-05-31 08:00:00+00:00,-0.00028178
2025-05-31 16:00:00+00:00,-0.00041289
2025-06-01 00:00:00.001000+00:00,-0.00078477
2025-06-01 08:00:00.002000+00:00,-0.00053712
2025-06-01 16:00:00+00:00,-0.00059504
2025-06-02 00:00:00.001000+00:00,-0.00084492
2025-06-02 08:00:00+00:00,-0.00026265
2025-06-02 16:00:00+00:00,-6.925e-05
2025-06-03 00:00:00+00:00,-0.0001397
2025-06-03 08:00:00+00:00,-0.00033814
2025-06-03 16:00:00.001000+00:00,-0.00040006
2025-06-04 00:00:00+00:00,-0.00027272
2025-06-04 08:00:00+00:00,-0.00028868
2025-06-04 16:00:00+00:00,-0.00011149
2025-06-05 00:00:00.016000+00:00,6.632e-05
2025-06-05 08:00:00+00:00,-6.471e-05
2025-06-05 16:00:00+00:00,-0.00017448
2025-06-06 00:00:00.002000+00:00,-0.00057509
2025-06-06 08:00:00+00:00,-0.00053328
2025-06-06 16:00:00.006000+00:00,-0.00067044
2025-06-07 00:00:00+00:00,-0.0003587
2025-06-07 08:00:00+00:00,-2e-07
2025-06-07 16:00:00.002000+00:00,-0.00040345
2025-06-08 00:00:00+00:00,-0.00085489
2025-06-08 08:00:00+00:00,-0.00051552
2025-06-08 16:00:00+00:00,-0.00053482
2025-06-09 00:00:00+00:00,-0.00039104
2025-06-09 08:00:00.001000+00:00,-0.00031777
2025-06-09 16:00:00.001000+00:00,-0.00053093
2025-06-10 00:00:00+00:00,-0.0001578
2025-06-10 08:00:00.001000+00:00,-0.00057668
2025-06-10 16:00:00.003000+00:00,-0.00023784
2025-06-11 00:00:00+00:00,-3.692e-05
2025-06-11 08:00:00+00:00,-0.00016625
2025-06-11 16:00:00.010000+00:00,-0.00022237
2025-06-12 00:00:00.002000+00:00,-0.00019509
2025-06-12 08:00:00.003000+00:00,0.0001
2025-06-12 16:00:00.001000+00:00,-0.00062901
2025-06-13 00:00:00+00:00,-0.00018925
2025-06-13 08:00:00.001000+00:00,1.915e-05
2025-06-13 16:00:00.004000+00:00,-3.31e-06
2025-06-14 00:00:00+00:00,-7.965e-05
2025-06-14 08:00:00+00:00,-0.00053536
2025-06-14 16:00:00+00:00,-0.00027685
2025-06-15 00:00:00.005000+00:00,-0.0002731
2025-06-15 08:00:00.009000+00:00,-0.00016566
2025-06-15 16:00:00+00:00,-4.791e-05
2025-06-16 00:00:00+00:00,1.455e-05
2025-06-16 08:00:00+00:00,7.136e-05
2025-06-16 16:00:00.003000+00:00,9.8e-06
2025-06-17 00:00:00+00:00,0.0001
2025-06-17 08:00:00.006000+00:00,-0.00018007
2025-06-17 16:00:00.001000+00:00,0.0001
2025-06-18 00:00:00.001000+00:00,9.517e-05
2025-06-18 08:00:00.001000+00:00,0.0001
2025-06-18 16:00:00.001000+00:00,-0.00023833
2025-06-19 00:00:00.005000+00:00,0.0001
2025-06-19 08:00:00.003000+00:00,0.0001
2025-06-19 16:00:00+00:00,0.0001
2025-06-20 00:00:00+00:00,0.0001
2025-06-20 08:00:00.002000+00:00,2.389e-05
2025-06-20 16:00:00.001000+00:00,6.976e-05
2025-06-21 00:00:00.002000+00:00,6.38e-06
2025-06-21 08:00:00.005000+00:00,0.0001
2025-06-21 16:00:00+00:00,-0.00018567
2025-06-22 00:00:00.005000+00:00,0.0001
2025-06-22 08:00:00+00:00,0.0001
2025-06-22 16:00:00.003000+00:00,2.25e-06
2025-06-23 00:00:00+00:00,0.0001
2025-06-23 08:00:00.004000+00:00,0.0001
2025-06-23 16:00:00.013000+00:00,1.959e-05
2025-06-24 00:00:00.003000+00:00,0.0001
2025-06-24 08:00:00+00:00,3.329e-05
2025-06-24 16:00:00+00:00,4.814e-05
2025-06-25 00:00:00.005000+00:00,0.0001
2025-06-25 08:00:00+00:00,0.0001
2025-06-25 16:00:00.005000+00:00,-1.11e-05
2025-06-26 00:00:00+00:00,-3.791e-05
2025-06-26 08:00:00.006000+00:00,8.408e-05
2025-06-26 16:00:00.007000+00:00,3.665e-05
2025-06-27 00:00:00+00:00,1.285e-05
2025-06-27 08:00:00+00:00,-6.037e-05
2025-06-27 16:00:00.009000+00:00,0.0001
2025-06-28 00:00:00.001000+00:00,0.0001
2025-06-28 08:00:00.002000+00:00,0.0001
2025-06-28 16:00:00+00:00,0.0001
2025-06-29 00:00:00.004000+00:00,0.0001
2025-06-29 08:00:00.001000+00:00,0.0001
2025-06-29 16:00:00.001000+00:00,0.0001
2025-06-30 00:00:00+00:00,9.047e-05
2025-06-30 08:00:00.005000+00:00,0.0001
2025-06-30 16:00:00.002000+00:00,-1.619e-05
2025-07-01 00:00:00.007000+00:00,0.0001
2025-07-01 08:00:00.002000+00:00,0.0001
2025-07-01 16:00:00+00:00,0.0001
2025-07-02 00:00:00.001000+00:00,0.0001
2025-07-02 08:00:00+00:00,0.0001
2025-07-02 16:00:00.003000+00:00,0.0001
2025-07-03 00:00:00.006000+00:00,0.0001
2025-07-03 08:00:00.003000+00:00,0.0001
2025-07-03 16:00:00.003000+00:00,-5.026e-05
2025-07-04 00:00:00.005000+00:00,0.0001
2025-07-04 08:00:00.003000+00:00,-2.769e-05
2025-07-04 16:00:00.001000+00:00,-6.031e-05
2025-07-05 00:00:00.004000+00:00,0.0001
2025-07-05 08:00:00.009000+00:00,-0.00023233
2025-07-05 16:00:00.006000+00:00,-0.00013729
2025-07-06 00:00:00.001000+00:00,3.794e-05
2025-07-06 08:00:00.002000+00:00,-0.00012655
2025-07-06 16:00:00.004000+00:00,0.0001
2025-07-07 00:00:00+00:00,2.611e-05
2025-07-07 08:00:00.007000+00:00,0.0001
2025-07-07 16:00:00+00:00,0.0001
2025-07-08 00:00:00.010000+00:00,0.0001
2025-07-08 08:00:00.003000+00:00,8.282e-05
2025-07-08 16:00:00+00:00,0.0001
2025-07-09 00:00:00.002000+00:00,0.0001
2025-07-09 08:00:00.006000+00:00,-6.28e-06
2025-07-09 16:00:00.001000+00:00,0.0001
2025-07-10 00:00:00.003000+00:00,0.0001
2025-07-10 08:00:00+00:00,0.0001
2025-07-10 16:00:00.004000+00:00,0.0001
2025-07-11 00:00:00.004000+00:00,0.0001
2025-07-11 08:00:00.007000+00:00,0.0001
2025-07-11 16:00:00.001000+00:00,0.0001
2025-07-12 00:00:00+00:00,0.0001
2025-07-12 08:00:00.001000+00:00,0.0001
2025-07-12 16:00:00.002000+00:00,0.0001
2025-07-13 00:00:00.006000+00:00,0.0001
2025-07-13 08:00:00.001000+00:00,0.0001
2025-07-13 16:00:00.003000+00:00,0.0001
2025-07-14 00:00:00+00:00,0.0001
2025-07-14 08:00:00+00:00,0.0001
2025-07-14 16:00:00+00:00,0.0001
2025-07-15 00:00:00.002000+00:00,0.0001
2025-07-15 08:00:00+00:00,0.0001
2025-07-15 16:00:00+00:00,0.0001
2025-07-16 00:00:00+00:00,0.0001
2025-07-16 08:00:00+00:00,0.0001
2025-07-16 16:00:00.008000+00:00,0.0001
2025-07-17 00:00:00.003000+00:00,0.0001
2025-07-17 08:00:00+00:00,0.0001
2025-07-17 16:00:00+00:00,0.0001
2025-07-18 00:00:00.004000+00:00,0.0001
2025-07-18 08:00:00+00:00,0.0001
2025-07-18 16:00:00+00:00,0.0001
2025-07-19 00:00:00.009000+00:00,0.0001
2025-07-19 08:00:00+00:00,0.0001
2025-07-19 16:00:00.002000+00:00,0.0001
2025-07-20 00:00:00+00:00,0.0001
2025-07-20 08:00:00+00:00,0.0001
2025-07-20 16:00:00+00:00,0.0001
2025-07-21 00:00:00.001000+00:00,0.0001
2025-07-21 08:00:00+00:00,0.0001
2025-07-21 16:00:00.001000+00:00,0.0001
2025-07-22 00:00:00+00:00,0.0001
2025-07-22 08:00:00.010000+00:00,0.0001
2025-07-22 16:00:00.007000+00:00,0.0001
2025-07-23 00:00:00+00:00,0.0001
2025-07-23 08:00:00.004000+00:00,0.0001
2025-07-23 16:00:00.002000+00:00,0.0001
2025-07-24 00:00:00+00:00,0.0001
2025-07-24 08:00:00.001000+00:00,0.0001
2025-07-24 16:00:00+00:00,0.0001
2025-07-25 00:00:00+00:00,0.0001
2025-07-25 08:00:00+00:00,0.0001
2025-07-25 16:00:00+00:00,0.0001
2025-07-26 00:00:00.001000+00:00,0.0001
2025-07-26 08:00:00.005000+00:00,0.0001
2025-07-26 16:00:00.001000+00:00,0.0001
2025-07-27 00:00:00.001000+00:00,0.0001
2025-07-27 08:00:00+00:00,0.0001
2025-07-27 16:00:00.008000+00:00,0.0001
2025-07-28 00:00:00.005000+00:00,0.0001
2025-07-28 08:00:00+00:00,0.0001
2025-07-28 16:00:00+00:00,0.0001
2025-07-29 00:00:00.001000+00:00,7.877e-05
2025-07-29 08:00:00+00:00,0.0001
2025-07-29 16:00:00+00:00,8.859e-05
2025-07-30 00:00:00.011000+00:00,0.0001
2025-07-30 08:00:00+00:00,0.0001
2025-07-30 16:00:00.008000+00:00,7.943e-05
2025-07-31 00:00:00+00:00,0.0001
2025-07-31 08:00:00.009000+00:00,0.0001
2025-07-31 16:00:00+00:00,7.142e-05
2025-08-01 00:00:00.001000+00:00,5.332e-05
2025-08-01 08:00:00.003000+00:00,-0.0002332
2025-08-01 16:00:00+00:00,0.0001
2025-08-02 00:00:00.004000+00:00,0.0001
2025-08-02 08:00:00+00:00,0.0001
2025-08-02 16:00:00+00:00,0.0001
2025-08-03 00:00:00+00:00,0.0001
2025-08-03 08:00:00+00:00,2.58e-05
2025-08-03 16:00:00.003000+00:00,-9.741e-05
2025-08-04 00:00:00.004000+00:00,0.0001
2025-08-04 08:00:00+00:00,0.0001
2025-08-04 16:00:00.002000+00:00,0.0001
2025-08-05 00:00:00+00:00,0.0001
2025-08-05 08:00:00+00:00,0.0001
2025-08-05 16:00:00+00:00,0.0001
2025-08-06 00:00:00.005000+00:00,0.0001
2025-08-06 08:00:00+00:00,0.0001
2025-08-06 16:00:00+00:00,0.0001
2025-08-07 00:00:00.003000+00:00,0.0001
2025-08-07 08:00:00.002000+00:00,0.0001
2025-08-07 16:00:00.002000+00:00,0.0001
2025-08-08 00:00:00.002000+00:00,0.0001
2025-08-08 08:00:00.004000+00:00,0.0001
2025-08-08 16:00:00+00:00,0.0001
2025-08-09 00:00:00.005000+00:00,0.0001
2025-08-09 08:00:00+00:00,0.0001
2025-08-09 16:00:00.007000+00:00,0.0001
2025-08-10 00:00:00.003000+00:00,0.0001
2025-08-10 08:00:00.005000+00:00,0.0001
2025-08-10 16:00:00.002000+00:00,0.0001
2025-08-11 00:00:00+00:00,0.0001
2025-08-11 08:00:00+00:00,0.0001
2025-08-11 16:00:00+00:00,0.0001
2025-08-12 00:00:00+00:00,0.0001
2025-08-12 08:00:00.001000+00:00,0.0001
2025-08-12 16:00:00.005000+00:00,0.0001
2025-08-13 00:00:00+00:00,0.0001
2025-08-13 08:00:00.002000+00:00,0.0001
2025-08-13 16:00:00.006000+00:00,0.0001
2025-08-14 00:00:00.002000+00:00,0.0001
2025-08-14 08:00:00.003000+00:00,0.0001
2025-08-14 16:00:00+00:00,0.0001
2025-08-15 00:00:00+00:00,8.322e-05
2025-08-15 08:00:00+00:00,0.0001
2025-08-15 16:00:00+00:00,3.663e-05
2025-08-16 00:00:00.004000+00:00,8.922e-05
2025-08-16 08:00:00+00:00,0.0001
2025-08-16 16:00:00.002000+00:00,0.0001
2025-08-17 00:00:00+00:00,0.0001
2025-08-17 08:00:00.001000+00:00,0.0001
2025-08-17 16:00:00.007000+00:00,0.0001
2025-08-18 00:00:00+00:00,0.0001
2025-08-18 08:00:00.001000+00:00,-0.00023591
2025-08-18 16:00:00.002000+00:00,5.637e-05
2025-08-19 00:00:00+00:00,-4.686e-05
2025-08-19 08:00:00.001000+00:00,0.0001
2025-08-19 16:00:00+00:00,0.0001
2025-08-20 00:00:00+00:00,-5.3e-06
2025-08-20 08:00:00+00:00,-6.032e-05
2025-08-20 16:00:00+00:00,0.0001
2025-08-21 00:00:00.006000+00:00,0.0001
2025-08-21 08:00:00+00:00,8.608e-05
2025-08-21 16:00:00.003000+00:00,0.0001
2025-08-22 00:00:00.010000+00:00,-0.00012449
2025-08-22 08:00:00.007000+00:00,0.0001
2025-08-22 16:00:00.001000+00:00,0.0001
2025-08-23 00:00:00.004000+00:00,0.0001
2025-08-23 08:00:00.006000+00:00,0.0001
2025-08-23 16:00:00+00:00,0.0001
2025-08-24 00:00:00.001000+00:00,0.0001
2025-08-24 08:00:00.002000+00:00,0.0001
2025-08-24 16:00:00.001000+00:00,0.0001
2025-08-25 00:00:00+00:00,0.0001
2025-08-25 08:00:00.002000+00:00,0.0001
2025-08-25 16:00:00.002000+00:00,0.0001
2025-08-26 00:00:00+00:00,0.0001
2025-08-26 08:00:00+00:00,0.0001
2025-08-26 16:00:00+00:00,0.0001
2025-08-27 00:00:00.003000+00:00,0.0001
2025-08-27 08:00:00+00:00,0.0001
2025-08-27 16:00:00.009000+00:00,0.0001
2025-08-28 00:00:00+00:00,0.0001
2025-08-28 08:00:00.005000+00:00,0.0001
2025-08-28 16:00:00.004000+00:00,0.0001
2025-08-29 00:00:00+00:00,0.0001
2025-08-29 08:00:00+00:00,0.0001
2025-08-29 16:00:00.005000+00:00,0.0001
2025-08-30 00:00:00+00:00,0.0001
2025-08-30 08:00:00.002000+00:00,0.0001
2025-08-30 16:00:00.003000+00:00,0.0001
2025-08-31 00:00:00.016000+00:00,0.0001
2025-08-31 08:00:00+00:00,0.0001
2025-08-31 16:00:00.001000+00:00,0.0001
2025-09-01 00:00:00+00:00,0.0001
2025-09-01 08:00:00+00:00,-4.388e-05
2025-09-01 16:00:00.001000+00:00,3.476e-05
2025-09-02 00:00:00+00:00,3.8e-06
2025-09-02 08:00:00.005000+00:00,0.0001
2025-09-02 16:00:00.007000+00:00,0.0001
2025-09-03 00:00:00.006000+00:00,0.0001
2025-09-03 08:00:00.002000+00:00,0.0001
2025-09-03 16:00:00.002000+00:00,0.0001
2025-09-04 00:00:00.002000+00:00,0.0001
2025-09-04 08:00:00+00:00,3.22e-05
2025-09-04 16:00:00+00:00,5.515e-05
2025-09-05 00:00:00.001000+00:00,2.353e-05
2025-09-05 08:00:00.006000+00:00,0.0001
2025-09-05 16:00:00+00:00,0.0001
2025-09-06 00:00:00+00:00,0.0001
2025-09-06 08:00:00.005000+00:00,7.605e-05
2025-09-06 16:00:00+00:00,0.0001
2025-09-07 00:00:00+00:00,0.0001
2025-09-07 08:00:00+00:00,0.0001
2025-09-07 16:00:00+00:00,4.224e-05
2025-09-08 00:00:00.007000+00:00,-8.048e-05
2025-09-08 08:00:00+00:00,-3.8e-05
2025-09-08 16:00:00+00:00,0.0001
2025-09-09 00:00:00+00:00,0.0001
2025-09-09 08:00:00+00:00,0.0001
2025-09-09 16:00:00+00:00,0.0001
2025-09-10 00:00:00+00:00,0.0001
2025-09-10 08:00:00.002000+00:00,0.0001
2025-09-10 16:00:00+00:00,0.0001
2025-09-11 00:00:00+00:00,0.0001
2025-09-11 08:00:00+00:00,0.0001
2025-09-11 16:00:00.001000+00:00,0.0001
2025-09-12 00:00:00.002000+00:00,0.0001
2025-09-12 08:00:00.001000+00:00,0.0001
2025-09-12 16:00:00.005000+00:00,1.369e-05
2025-09-13 00:00:00.005000+00:00,0.0001
2025-09-13 08:00:00.002000+00:00,0.0001
2025-09-13 16:00:00+00:00,0.0001
2025-09-14 00:00:00.006000+00:00,0.0001
2025-09-14 08:00:00+00:00,7.772e-05
2025-09-14 16:00:00.001000+00:00,0.0001
2025-09-15 00:00:00.006000+00:00,0.0001
2025-09-15 08:00:00.002000+00:00,0.0001
2025-09-15 16:00:00.001000+00:00,0.0001
2025-09-16 00:00:00.001000+00:00,0.0001
2025-09-16 08:00:00+00:00,0.0001
2025-09-16 16:00:00+00:00,0.0001
2025-09-17 00:00:00.001000+00:00,6.08e-05
2025-09-17 08:00:00+00:00,0.0001
2025-09-17 16:00:00.003000+00:00,0.0001
2025-09-18 00:00:00.006000+00:00,0.0001
2025-09-18 08:00:00.002000+00:00,0.0001
2025-09-18 16:00:00+00:00,-2.103e-05
2025-09-19 00:00:00+00:00,0.0001
2025-09-19 08:00:00.005000+00:00,3.397e-05
2025-09-19 16:00:00+00:00,0.0001
2025-09-20 00:00:00+00:00,0.0001
2025-09-20 08:00:00+00:00,0.0001
2025-09-20 16:00:00.002000+00:00,4.555e-05
2025-09-21 00:00:00+00:00,-0.00032986
2025-09-21 08:00:00+00:00,0.0001
2025-09-21 16:00:00+00:00,3.987e-05
2025-09-22 00:00:00.005000+00:00,5.534e-05
2025-09-22 08:00:00.003000+00:00,0.0001
2025-09-22 16:00:00+00:00,-0.00012679
2025-09-23 00:00:00+00:00,-0.00010279
2025-09-23 08:00:00.001000+00:00,2.885e-05
2025-09-23 16:00:00+00:00,6.808e-05
2025-09-24 00:00:00.003000+00:00,0.0001
2025-09-24 08:00:00.001000+00:00,0.0001
2025-09-24 16:00:00.002000+00:00,0.0001
2025-09-25 00:00:00+00:00,-8.428e-05
2025-09-25 08:00:00.001000+00:00,0.0001
2025-09-25 16:00:00+00:00,0.0001
2025-09-26 00:00:00+00:00,0.0001
2025-09-26 08:00:00+00:00,0.0001
2025-09-26 16:00:00.008000+00:00,0.0001
2025-09-27 00:00:00+00:00,0.0001
2025-09-27 08:00:00.010000+00:00,6.671e-05
2025-09-27 16:00:00.003000+00:00,8.207e-05
2025-09-28 00:00:00+00:00,-4.109e-05
2025-09-28 08:00:00+00:00,2.629e-05
2025-09-28 16:00:00+00:00,4.856e-05
2025-09-29 00:00:00+00:00,1.979e-05
2025-09-29 08:00:00.002000+00:00,-6.333e-05
2025-09-29 16:00:00.001000+00:00,-0.00025992
2025-09-30 00:00:00.002000+00:00,0.0001
2025-09-30 08:00:00.005000+00:00,0.0001
2025-09-30 16:00:00+00:00,-0.00034089
2025-10-01 00:00:00+00:00,-0.00042487
2025-10-01 08:00:00+00:00,-0.00048205
2025-10-01 16:00:00+00:00,-0.00013371
2025-10-02 00:00:00+00:00,0.0001
2025-10-02 08:00:00.013000+00:00,0.0001
2025-10-02 16:00:00+00:00,0.0001
2025-10-03 00:00:00.006000+00:00,0.0001
2025-10-03 08:00:00.006000+00:00,4.206e-05
2025-10-03 16:00:00+00:00,-3.132e-05
2025-10-04 00:00:00.001000+00:00,0.0001
2025-10-04 08:00:00+00:00,8.539e-05
2025-10-04 16:00:00+00:00,0.0001
2025-10-05 00:00:00+00:00,0.0001
2025-10-05 08:00:00.003000+00:00,0.0001
2025-10-05 16:00:00.009000+00:00,0.0001
2025-10-06 00:00:00.004000+00:00,5.407e-05
2025-10-06 08:00:00.002000+00:00,0.0001
2025-10-06 16:00:00.004000+00:00,0.0001
2025-10-07 00:00:00+00:00,0.0001
2025-10-07 08:00:00.003000+00:00,0.0001
2025-10-07 16:00:00+00:00,0.0001
2025-10-08 00:00:00+00:00,0.0001
2025-10-08 08:00:00.006000+00:00,0.0001
2025-10-08 16:00:00.002000+00:00,0.0001
2025-10-09 00:00:00.001000+00:00,0.0001
2025-10-09 08:00:00+00:00,0.0001
2025-10-09 16:00:00+00:00,0.0001
2025-10-10 00:00:00.005000+00:00,0.0001
2025-10-10 08:00:00.002000+00:00,0.00017725
2025-10-10 16:00:00.014000+00:00,0.0001
2025-10-11 00:00:00+00:00,-0.00065132
2025-10-11 08:00:00.003000+00:00,0.0001
2025-10-11 16:00:00+00:00,-0.00019168
2025-10-12 00:00:00.004000+00:00,0.0001
2025-10-12 08:00:00.002000+00:00,8.702e-05
2025-10-12 16:00:00+00:00,0.0001
2025-10-13 00:00:00.003000+00:00,0.0001
2025-10-13 08:00:00.002000+00:00,0.0001
2025-10-13 16:00:00.003000+00:00,0.0001
2025-10-14 00:00:00+00:00,0.0001
2025-10-14 08:00:00+00:00,0.0001
2025-10-14 16:00:00+00:00,9.446e-05
2025-10-15 00:00:00.006000+00:00,1.173e-05
2025-10-15 08:00:00.002000+00:00,3.009e-05
2025-10-15 16:00:00+00:00,-4.171e-05
2025-10-16 00:00:00+00:00,-6.45e-06
2025-10-16 08:00:00.003000+00:00,-7.224e-05
2025-10-16 16:00:00.002000+00:00,-4.033e-05
2025-10-17 00:00:00.001000+00:00,0.0001
2025-10-17 08:00:00.005000+00:00,0.0001
2025-10-17 16:00:00.003000+00:00,0.0001
2025-10-18 00:00:00+00:00,6.859e-05
2025-10-18 08:00:00.002000+00:00,4.635e-05
2025-10-18 16:00:00.001000+00:00,-4.147e-05
2025-10-19 00:00:00.001000+00:00,0.0001
2025-10-19 08:00:00.001000+00:00,-0.00010682
2025-10-19 16:00:00.001000+00:00,7.584e-05
2025-10-20 00:00:00.004000+00:00,-5.593e-05
2025-10-20 08:00:00.001000+00:00,4.912e-05
2025-10-20 16:00:00+00:00,-0.00012404
2025-10-21 00:00:00.009000+00:00,0.0001
2025-10-21 08:00:00+00:00,0.0001
2025-10-21 16:00:00+00:00,0.0001
2025-10-22 00:00:00.004000+00:00,8.387e-05
2025-10-22 08:00:00+00:00,-2.518e-05
2025-10-22 16:00:00+00:00,-0.0001205
2025-10-23 00:00:00+00:00,-6.207e-05
2025-10-23 08:00:00.001000+00:00,-0.0003961
2025-10-23 16:00:00.004000+00:00,-0.00052064
2025-10-24 00:00:00+00:00,-0.00053579
2025-10-24 08:00:00+00:00,-0.00030647
2025-10-24 16:00:00.009000+00:00,-0.0005812
2025-10-25 00:00:00+00:00,-0.00027646
2025-10-25 08:00:00.001000+00:00,-0.00015362
2025-10-25 16:00:00.001000+00:00,-0.00028081
2025-10-26 00:00:00.001000+00:00,-0.00015122
2025-10-26 08:00:00.001000+00:00,-0.00037067
2025-10-26 16:00:00+00:00,-5.78e-05
2025-10-27 00:00:00+00:00,0.0001
2025-10-27 08:00:00.005000+00:00,7.508e-05
2025-10-27 16:00:00+00:00,-0.00014208
2025-10-28 00:00:00+00:00,0.0001
2025-10-28 08:00:00+00:00,0.0001
2025-10-28 16:00:00.004000+00:00,-3.337e-05
2025-10-29 00:00:00.004000+00:00,1.958e-05
2025-10-29 08:00:00.005000+00:00,-3.757e-05
2025-10-29 16:00:00+00:00,-0.00045987
2025-10-30 00:00:00.004000+00:00,-0.00048335
2025-10-30 08:00:00.008000+00:00,-0.00068723
2025-10-30 16:00:00.001000+00:00,-0.00073539
2025-10-31 00:00:00+00:00,-0.00197771
2025-10-31 08:00:00.008000+00:00,-0.00090726
2025-10-31 16:00:00.007000+00:00,-0.00167374
2025-11-01 00:00:00.001000+00:00,-0.00153392
2025-11-01 08:00:00+00:00,-0.00102408
2025-11-01 16:00:00+00:00,-0.00189492
2025-11-02 00:00:00.007000+00:00,-0.00156881
2025-11-02 08:00:00+00:00,-0.00078784
2025-11-02 16:00:00.001000+00:00,-0.00175411
2025-11-03 00:00:00+00:00,-0.00230149
2025-11-03 08:00:00.010000+00:00,-0.00060783
2025-11-03 16:00:00+00:00,-0.00068395
2025-11-04 00:00:00.002000+00:00,-0.00069546
2025-11-04 08:00:00.004000+00:00,-0.00143921
2025-11-04 16:00:00+00:00,-0.00221249
2025-11-05 00:00:00+00:00,-0.00126458
2025-11-05 08:00:00+00:00,-0.00203081
2025-11-05 16:00:00.004000+00:00,-0.00150011
2025-11-06 00:00:00.001000+00:00,-0.0025012
2025-11-06 08:00:00+00:00,-0.0039928
2025-11-06 16:00:00.001000+00:00,-0.00347105
2025-11-07 00:00:00.005000+00:00,-0.00339308
2025-11-07 08:00:00.003000+00:00,-0.00247332
2025-11-07 16:00:00.005000+00:00,-0.00136339
2025-11-08 00:00:00.011000+00:00,-0.0006592
2025-11-08 08:00:00.015000+00:00,0.0001
2025-11-08 16:00:00.001000+00:00,0.0001
2025-11-09 00:00:00.004000+00:00,-0.00121319
2025-11-09 08:00:00+00:00,-0.00062487
2025-11-09 16:00:00.005000+00:00,-0.00072452
2025-11-10 00:00:00+00:00,-0.00033618
2025-11-10 08:00:00+00:00,-0.00081494
2025-11-10 16:00:00.003000+00:00,-0.0004578
2025-11-11 00:00:00.007000+00:00,0.00012752
2025-11-11 08:00:00+00:00,0.0001
2025-11-11 16:00:00.009000+00:00,0.0001
2025-11-12 00:00:00+00:00,0.0001
2025-11-12 08:00:00.002000+00:00,0.0001
2025-11-12 16:00:00+00:00,0.0001
2025-11-13 00:00:00.002000+00:00,0.0001
2025-11-13 08:00:00+00:00,0.0001
2025-11-13 16:00:00.001000+00:00,0.0001
2025-11-14 00:00:00+00:00,0.0001
2025-11-14 08:00:00+00:00,0.0001
2025-11-14 16:00:00.001000+00:00,1.545e-05
2025-11-15 00:00:00.005000+00:00,-0.00047986
2025-11-15 08:00:00+00:00,-0.00060827
2025-11-15 16:00:00.001000+00:00,-0.00038405
2025-11-16 00:00:00.001000+00:00,-0.00069748
2025-11-16 08:00:00+00:00,-0.00043434
2025-11-16 16:00:00+00:00,-0.00033238
2025-11-17 00:00:00.003000+00:00,-0.00038036
2025-11-17 08:00:00.003000+00:00,-0.00061052
2025-11-17 16:00:00+00:00,-0.00018905
2025-11-18 00:00:00.002000+00:00,7.263e-05
2025-11-18 08:00:00.004000+00:00,0.0001
2025-11-18 16:00:00+00:00,0.0001
2025-11-19 00:00:00+00:00,-0.0006668
2025-11-19 08:00:00+00:00,-0.00026951
2025-11-19 16:00:00.008000+00:00,-0.00084205
2025-11-20 00:00:00+00:00,-0.00017567
2025-11-20 08:00:00+00:00,-0.00028996
2025-11-20 16:00:00+00:00,-0.00067518
2025-11-21 00:00:00.001000+00:00,0.0001
2025-11-21 08:00:00+00:00,-1.443e-05
2025-11-21 16:00:00.001000+00:00,0.0001
2025-11-22 00:00:00.004000+00:00,0.0001
2025-11-22 08:00:00+00:00,0.0001
2025-11-22 16:00:00+00:00,-2.744e-05
2025-11-23 00:00:00+00:00,2.447e-05
2025-11-23 08:00:00.008000+00:00,-0.00045179
2025-11-23 16:00:00.003000+00:00,-0.00056184
2025-11-24 00:00:00.004000+00:00,-0.0004369
2025-11-24 08:00:00+00:00,-0.00018449
2025-11-24 16:00:00.006000+00:00,-0.00065827
2025-11-25 00:00:00+00:00,-0.00044517
2025-11-25 08:00:00.009000+00:00,-0.00059729
2025-11-25 16:00:00.007000+00:00,-0.00050431
2025-11-26 00:00:00.001000+00:00,-0.00010038
2025-11-26 08:00:00.001000+00:00,-0.00048954
2025-11-26 16:00:00+00:00,-0.00031644
2025-11-27 00:00:00.013000+00:00,-0.00083087
2025-11-27 08:00:00+00:00,-0.00039945
2025-11-27 16:00:00.004000+00:00,-0.00046064
2025-11-28 00:00:00.008000+00:00,6.086e-05
2025-11-28 08:00:00+00:00,-0.00024328
2025-11-28 16:00:00.008000+00:00,-0.00020315
2025-11-29 00:00:00+00:00,0.0001
2025-11-29 08:00:00.005000+00:00,0.0001
2025-11-29 16:00:00.001000+00:00,0.0001
2025-11-30 00:00:00.003000+00:00,0.0001
2025-11-30 08:00:00+00:00,0.0001
2025-11-30 16:00:00.004000+00:00,-0.00020298
2025-12-01 00:00:00+00:00,0.0001
2025-12-01 08:00:00.004000+00:00,0.0001
2025-12-01 16:00:00+00:00,0.0001
2025-12-02 00:00:00.004000+00:00,0.0001
2025-12-02 08:00:00+00:00,0.0001
2025-12-02 16:00:00+00:00,0.0001
2025-12-03 00:00:00+00:00,0.0001
2025-12-03 08:00:00+00:00,0.0001
2025-12-03 16:00:00.005000+00:00,3.497e-05
2025-12-04 00:00:00.012000+00:00,-0.00028852
2025-12-04 08:00:00+00:00,-9.755e-05
2025-12-04 16:00:00.011000+00:00,-4.333e-05
2025-12-05 00:00:00+00:00,2.403e-05
2025-12-05 08:00:00+00:00,-0.00125547
2025-12-05 16:00:00.010000+00:00,-0.00081869
2025-12-06 00:00:00.001000+00:00,-9.686e-05
2025-12-06 08:00:00.001000+00:00,-1.283e-05
2025-12-06 16:00:00.008000+00:00,0.0001
2025-12-07 00:00:00+00:00,0.0001
2025-12-07 08:00:00.004000+00:00,0.0001
2025-12-07 16:00:00+00:00,0.0001
2025-12-08 00:00:00+00:00,0.0001
2025-12-08 08:00:00+00:00,0.0001
2025-12-08 16:00:00.001000+00:00,0.0001
2025-12-09 00:00:00.001000+00:00,3.407e-05
2025-12-09 08:00:00.001000+00:00,0.0001
2025-12-09 16:00:00.007000+00:00,-8.72e-05
2025-12-10 00:00:00.007000+00:00,0.0001
2025-12-10 08:00:00.002000+00:00,-3.857e-05
2025-12-10 16:00:00.012000+00:00,0.0001
2025-12-11 00:00:00.001000+00:00,-4.433e-05
2025-12-11 08:00:00+00:00,-6.119e-05
2025-12-11 16:00:00+00:00,-0.00073459
2025-12-12 00:00:00.005000+00:00,-0.00027858
2025-12-12 08:00:00.007000+00:00,-0.00028605
2025-12-12 16:00:00.002000+00:00,-0.00069681
2025-12-13 00:00:00.001000+00:00,-0.00020807
2025-12-13 08:00:00.006000+00:00,-0.0004857
2025-12-13 16:00:00+00:00,0.0001
2025-12-14 00:00:00+00:00,-2.368e-05
2025-12-14 08:00:00.003000+00:00,0.0001
2025-12-14 16:00:00.005000+00:00,3.336e-05
2025-12-15 00:00:00+00:00,0.0001
2025-12-15 08:00:00+00:00,3.994e-05
2025-12-15 16:00:00+00:00,0.0001
2025-12-16 00:00:00.002000+00:00,0.0001
2025-12-16 08:00:00+00:00,0.0001
2025-12-16 16:00:00.002000+00:00,0.0001
2025-12-17 00:00:00.004000+00:00,0.0001
2025-12-17 08:00:00+00:00,0.0001
2025-12-17 16:00:00+00:00,0.0001
2025-12-18 00:00:00.005000+00:00,0.0001
2025-12-18 08:00:00.007000+00:00,0.0001
2025-12-18 16:00:00.001000+00:00,4.392e-05
2025-12-19 00:00:00+00:00,0.0001
2025-12-19 08:00:00.001000+00:00,0.0001
2025-12-19 16:00:00+00:00,4.56e-05
2025-12-20 00:00:00.005000+00:00,0.0001
2025-12-20 08:00:00+00:00,0.0001
2025-12-20 16:00:00.002000+00:00,9.049e-05
2025-12-21 00:00:00+00:00,0.0001
2025-12-21 08:00:00.009000+00:00,0.0001
2025-12-21 16:00:00+00:00,0.0001
2025-12-22 00:00:00+00:00,0.0001
2025-12-22 08:00:00.005000+00:00,0.0001
2025-12-22 16:00:00.009000+00:00,0.0001
2025-12-23 00:00:00+00:00,0.0001
2025-12-23 08:00:00+00:00,0.0001
2025-12-23 16:00:00.001000+00:00,0.0001
2025-12-24 00:00:00.001000+00:00,0.0001
2025-12-24 08:00:00.001000+00:00,0.0001
2025-12-24 16:00:00+00:00,7.261e-05
2025-12-25 00:00:00+00:00,0.0001
2025-12-25 08:00:00.001000+00:00,0.0001
2025-12-25 16:00:00.005000+00:00,5.919e-05
2025-12-26 00:00:00.004000+00:00,6.637e-05
2025-12-26 08:00:00.001000+00:00,0.0001
2025-12-26 16:00:00.007000+00:00,0.0001
2025-12-27 00:00:00+00:00,0.0001
2025-12-27 08:00:00+00:00,-0.00025204
2025-12-27 16:00:00.011000+00:00,8.765e-05
2025-12-28 00:00:00.008000+00:00,-8.28e-06
2025-12-28 08:00:00+00:00,-7.837e-05
2025-12-28 16:00:00+00:00,3.747e-05
2025-12-29 00:00:00.016000+00:00,2.815e-05
2025-12-29 08:00:00.001000+00:00,-4.599e-05
2025-12-29 16:00:00+00:00,-0.00013964
2025-12-30 00:00:00.005000+00:00,-0.00047492
2025-12-30 08:00:00.001000+00:00,-0.00024484
2025-12-30 16:00:00.003000+00:00,4.682e-05
2025-12-31 00:00:00.004000+00:00,2.932e-05
2025-12-31 08:00:00.001000+00:00,3.266e-05
2025-12-31 16:00:00.001000+00:00,-0.00052904
2026-01-01 00:00:00.008000+00:00,-0.00035173
2026-01-01 08:00:00.002000+00:00,-0.00051272
2026-01-01 16:00:00.001000+00:00,-0.00069128
2026-01-02 00:00:00.006000+00:00,-0.00082745
2026-01-02 08:00:00.007000+00:00,-0.0003981
2026-01-02 16:00:00+00:00,-0.00067285
2026-01-03 00:00:00.001000+00:00,-0.00055204
2026-01-03 08:00:00+00:00,-0.00035526
2026-01-03 16:00:00+00:00,-0.00051183
2026-01-04 00:00:00+00:00,-0.0005439
2026-01-04 08:00:00+00:00,-0.00018085
2026-01-04 16:00:00.001000+00:00,-0.00035854
2026-01-05 00:00:00+00:00,-0.00018654
2026-01-05 08:00:00+00:00,-0.00024421
2026-01-05 16:00:00+00:00,-0.00042957
2026-01-06 00:00:00.010000+00:00,-5.467e-05
2026-01-06 08:00:00+00:00,-9.751e-05
2026-01-06 16:00:00+00:00,0.0001
2026-01-07 00:00:00.001000+00:00,0.0001
2026-01-07 08:00:00.001000+00:00,0.0001
2026-01-07 16:00:00.001000+00:00,-8.581e-05
2026-01-08 00:00:00.001000+00:00,3.491e-05
2026-01-08 08:00:00+00:00,0.0001
2026-01-08 16:00:00+00:00,0.0001
2026-01-09 00:00:00.003000+00:00,0.0001
2026-01-09 08:00:00+00:00,0.0001
2026-01-09 16:00:00.001000+00:00,5.362e-05
2026-01-10 00:00:00+00:00,0.0001
2026-01-10 08:00:00.002000+00:00,-1.975e-05
2026-01-10 16:00:00.001000+00:00,-1.641e-05
2026-01-11 00:00:00.003000+00:00,0.0001
2026-01-11 08:00:00.006000+00:00,6.628e-05
2026-01-11 16:00:00+00:00,-4.223e-05
2026-01-12 00:00:00.005000+00:00,0.0001
2026-01-12 08:00:00+00:00,0.0001
2026-01-12 16:00:00+00:00,9.14e-05
2026-01-13 00:00:00.007000+00:00,6.95e-06
2026-01-13 08:00:00.009000+00:00,0.0001
2026-01-13 16:00:00.002000+00:00,-3.59e-05
2026-01-14 00:00:00+00:00,4.966e-05
2026-01-14 08:00:00.001000+00:00,0.0001
2026-01-14 16:00:00.004000+00:00,9.52e-06
2026-01-15 00:00:00+00:00,-0.00056668
2026-01-15 08:00:00.004000+00:00,-0.00034396
2026-01-15 16:00:00.002000+00:00,-0.00029543
2026-01-16 00:00:00+00:00,-0.00079386
2026-01-16 08:00:00+00:00,-0.00038381
2026-01-16 16:00:00.001000+00:00,-0.00049829
2026-01-17 00:00:00+00:00,-0.00041691
2026-01-17 08:00:00+00:00,-0.00032466
2026-01-17 16:00:00.002000+00:00,-0.00029962
2026-01-18 00:00:00.001000+00:00,-0.00041689
2026-01-18 08:00:00+00:00,-0.00034201
2026-01-18 16:00:00+00:00,-0.00045757
2026-01-19 00:00:00.007000+00:00,-0.00027805
2026-01-19 08:00:00.007000+00:00,-0.00073647
2026-01-19 16:00:00.007000+00:00,-0.00059953
2026-01-20 00:00:00.005000+00:00,-0.00019275
2026-01-20 08:00:00.001000+00:00,-9.769e-05
2026-01-20 16:00:00.009000+00:00,-0.00015928
2026-01-21 00:00:00.001000+00:00,0.0001
2026-01-21 08:00:00.011000+00:00,-3.184e-05
2026-01-21 16:00:00.011000+00:00,-0.00016805
2026-01-22 00:00:00.010000+00:00,-8.38e-05
2026-01-22 08:00:00.003000+00:00,0.0001
2026-01-22 16:00:00.005000+00:00,-0.00016794
2026-01-23 00:00:00.005000+00:00,-0.00033338
2026-01-23 08:00:00+00:00,-2.222e-05
2026-01-23 16:00:00.011000+00:00,-0.00039334
2026-01-24 00:00:00.011000+00:00,-0.0001084
2026-01-24 08:00:00.002000+00:00,-0.00033727
2026-01-24 16:00:00.001000+00:00,-0.0004873
2026-01-25 00:00:00.002000+00:00,-8.452e-05
2026-01-25 08:00:00.011000+00:00,-6.68e-05
2026-01-25 16:00:00.005000+00:00,3.286e-05
2026-01-26 00:00:00+00:00,0.0001
2026-01-26 08:00:00.003000+00:00,0.0001
2026-01-26 16:00:00+00:00,0.0001
2026-01-27 00:00:00.002000+00:00,0.0001
2026-01-27 08:00:00+00:00,6.893e-05
2026-01-27 16:00:00+00:00,-3.868e-05
2026-01-28 00:00:00+00:00,-0.00011453
2026-01-28 08:00:00+00:00,6.094e-05
2026-01-28 16:00:00+00:00,4.463e-05
2026-01-29 00:00:00+00:00,0.0001
2026-01-29 08:00:00.009000+00:00,0.0001
2026-01-29 16:00:00+00:00,0.0001
2026-01-30 00:00:00.008000+00:00,1.027e-05
2026-01-30 08:00:00+00:00,-6.9e-07
2026-01-30 16:00:00.001000+00:00,-3.99e-06
2026-01-31 00:00:00+00:00,2.149e-05
2026-01-31 08:00:00.001000+00:00,-2.399e-05
2026-01-31 16:00:00.009000+00:00,1.769e-05
2026-02-01 00:00:00.001000+00:00,4.566e-05
2026-02-01 08:00:00.004000+00:00,6.988e-05
2026-02-01 16:00:00+00:00,0.0001
2026-02-02 00:00:00+00:00,7.838e-05
2026-02-02 08:00:00.014000+00:00,0.0001
2026-02-02 16:00:00+00:00,2.166e-05
2026-02-03 00:00:00+00:00,-4.22e-06
2026-02-03 08:00:00.007000+00:00,5.113e-05
2026-02-03 16:00:00+00:00,3.356e-05
2026-02-04 00:00:00.002000+00:00,0.0001
2026-02-04 08:00:00.007000+00:00,0.0001
2026-02-04 16:00:00+00:00,0.0001
2026-02-05 00:00:00.011000+00:00,0.0001
2026-02-05 08:00:00+00:00,0.0001
2026-02-05 16:00:00.007000+00:00,0.0001
2026-02-06 00:00:00+00:00,0.0001
2026-02-06 08:00:00.001000+00:00,0.0001
2026-02-06 16:00:00+00:00,0.0001
2026-02-07 00:00:00.003000+00:00,0.0001
2026-02-07 08:00:00+00:00,0.0001
2026-02-07 16:00:00.010000+00:00,0.0001
2026-02-08 00:00:00.003000+00:00,0.0001
2026-02-08 08:00:00+00:00,3.343e-05
2026-02-08 16:00:00+00:00,4.77e-05
2026-02-09 00:00:00.002000+00:00,7.011e-05
2026-02-09 08:00:00.001000+00:00,7.21e-06
2026-02-09 16:00:00.007000+00:00,5.08e-05
2026-02-10 00:00:00+00:00,0.0001
2026-02-10 08:00:00.007000+00:00,2.54e-06
2026-02-10 16:00:00+00:00,7.67e-06
2026-02-11 00:00:00+00:00,-9.6e-07
2026-02-11 08:00:00.006000+00:00,1.493e-05
2026-02-11 16:00:00+00:00,3.807e-05
2026-02-12 00:00:00+00:00,-0.00015987
2026-02-12 08:00:00.001000+00:00,7.394e-05
2026-02-12 16:00:00.001000+00:00,5.379e-05
2026-02-13 00:00:00.007000+00:00,7.717e-05
2026-02-13 08:00:00.003000+00:00,2.842e-05
2026-02-13 16:00:00.005000+00:00,7.639e-05
2026-02-14 00:00:00.002000+00:00,0.0001
2026-02-14 08:00:00.004000+00:00,-2.791e-05
2026-02-14 16:00:00.002000+00:00,-5.255e-05
2026-02-15 00:00:00+00:00,-0.00019345
2026-02-15 08:00:00.002000+00:00,1.569e-05
2026-02-15 16:00:00+00:00,-2.743e-05
2026-02-16 00:00:00.001000+00:00,-6.2e-05
2026-02-16 08:00:00.003000+00:00,4.57e-06
2026-02-16 16:00:00+00:00,-0.00010073
2026-02-17 00:00:00.008000+00:00,1.899e-05
2026-02-17 08:00:00.001000+00:00,1.017e-05
2026-02-17 16:00:00.002000+00:00,9.3e-07
2026-02-18 00:00:00+00:00,1.472e-05
2026-02-18 08:00:00+00:00,-1.513e-05
2026-02-18 16:00:00.011000+00:00,-0.00020757
2026-02-19 00:00:00.013000+00:00,9.698e-05
2026-02-19 08:00:00+00:00,3.179e-05
2026-02-19 16:00:00.003000+00:00,0.0001
2026-02-20 00:00:00+00:00,-3.324e-05
2026-02-20 08:00:00+00:00,3.047e-05
2026-02-20 16:00:00+00:00,6.064e-05
2026-02-21 00:00:00.004000+00:00,-7.326e-05
2026-02-21 08:00:00+00:00,2.193e-05
2026-02-21 16:00:00.005000+00:00,-9.837e-05
2026-02-22 00:00:00.001000+00:00,-7.52e-05
2026-02-22 08:00:00.004000+00:00,-2.285e-05
2026-02-22 16:00:00+00:00,1.245e-05
2026-02-23 00:00:00.001000+00:00,-3.61e-06
2026-02-23 08:00:00+00:00,5.89e-06
2026-02-23 16:00:00+00:00,5.035e-05
2026-02-24 00:00:00.007000+00:00,2.778e-05
2026-02-24 08:00:00+00:00,-1.47e-05
2026-02-24 16:00:00.001000+00:00,-1.1e-07
2026-02-25 00:00:00.001000+00:00,5.5e-07
2026-02-25 08:00:00.007000+00:00,-0.00012365
2026-02-25 16:00:00+00:00,-0.00011125
2026-02-26 00:00:00+00:00,-7.214e-05
2026-02-26 08:00:00.006000+00:00,-0.00026225
2026-02-26 16:00:00.002000+00:00,-0.00019267
2026-02-27 00:00:00.007000+00:00,-0.00036868
2026-02-27 08:00:00+00:00,-9.15e-06
2026-02-27 16:00:00.001000+00:00,-0.00046789
2026-02-28 00:00:00+00:00,-0.00027864
2026-02-28 08:00:00+00:00,-0.00019168
2026-02-28 16:00:00.004000+00:00,-3.161e-05
2026-03-01 00:00:00.005000+00:00,-0.00030071
2026-03-01 08:00:00+00:00,8.6e-06
2026-03-01 16:00:00.002000+00:00,3.767e-05
2026-03-02 00:00:00.001000+00:00,9.524e-05
2026-03-02 08:00:00.007000+00:00,0.0001
2026-03-02 16:00:00+00:00,0.0001
2026-03-03 00:00:00+00:00,6.522e-05
2026-03-03 08:00:00+00:00,8.727e-05
2026-03-03 16:00:00.007000+00:00,4.804e-05
2026-03-04 00:00:00.001000+00:00,0.0001
2026-03-04 08:00:00.005000+00:00,6.366e-05
2026-03-04 16:00:00+00:00,-1.96e-06
2026-03-05 00:00:00+00:00,7.372e-05
2026-03-05 08:00:00+00:00,-3.925e-05
2026-03-05 16:00:00.004000+00:00,8.64e-06
2026-03-06 00:00:00.001000+00:00,4.382e-05
2026-03-06 08:00:00.001000+00:00,2.814e-05
2026-03-06 16:00:00.004000+00:00,-3.447e-05
2026-03-07 00:00:00.001000+00:00,-0.00023869
2026-03-07 08:00:00.012000+00:00,-0.00010824
2026-03-07 16:00:00.001000+00:00,-0.0001281
2026-03-08 00:00:00.001000+00:00,-0.00013391
2026-03-08 08:00:00+00:00,-0.0001218
2026-03-08 16:00:00.002000+00:00,-4.963e-05
2026-03-09 00:00:00+00:00,-0.000114
2026-03-09 08:00:00.004000+00:00,-0.00010736
2026-03-09 16:00:00.003000+00:00,-0.00011917
2026-03-10 00:00:00.012000+00:00,-0.00014931
2026-03-10 08:00:00.002000+00:00,-0.00011047
2026-03-10 16:00:00.001000+00:00,-3.153e-05
2026-03-11 00:00:00+00:00,-0.00019237
2026-03-11 08:00:00.007000+00:00,1.105e-05
2026-03-11 16:00:00.010000+00:00,-0.00017322
2026-03-12 00:00:00+00:00,-0.00012256
2026-03-12 08:00:00+00:00,-2.186e-05
2026-03-12 16:00:00+00:00,-0.00013432
2026-03-13 00:00:00.006000+00:00,2.56e-06
2026-03-13 08:00:00.001000+00:00,-3.647e-05
2026-03-13 16:00:00+00:00,0.0001
2026-03-14 00:00:00.001000+00:00,7.316e-05
2026-03-14 08:00:00+00:00,8.547e-05
2026-03-14 16:00:00.007000+00:00,-2.173e-05
2026-03-15 00:00:00+00:00,6.743e-05
2026-03-15 08:00:00+00:00,0.0001
2026-03-15 16:00:00+00:00,0.0001
2026-03-16 00:00:00+00:00,6.42e-06
2026-03-16 08:00:00.010000+00:00,0.0001
2026-03-16 16:00:00+00:00,4.418e-05
2026-03-17 00:00:00+00:00,0.0001
2026-03-17 08:00:00.002000+00:00,0.0001
2026-03-17 16:00:00.011000+00:00,9.551e-05
2026-03-18 00:00:00.002000+00:00,9.27e-05
2026-03-18 08:00:00.002000+00:00,2.225e-05
2026-03-18 16:00:00.005000+00:00,4.125e-05
2026-03-19 00:00:00+00:00,3.39e-06
2026-03-19 08:00:00.003000+00:00,3.687e-05
2026-03-19 16:00:00.003000+00:00,7.978e-05
2026-03-20 00:00:00.002000+00:00,3.439e-05
2026-03-20 08:00:00+00:00,-3.24e-06
2026-03-20 16:00:00+00:00,-3.42e-05
2026-03-21 00:00:00+00:00,-2.866e-05
2026-03-21 08:00:00+00:00,-3.65e-06
2026-03-21 16:00:00.014000+00:00,-1.16e-05
2026-03-22 00:00:00.012000+00:00,-3.387e-05
2026-03-22 08:00:00.007000+00:00,-1.914e-05
2026-03-22 16:00:00.002000+00:00,-8.851e-05
2026-03-23 00:00:00+00:00,6.534e-05
2026-03-23 08:00:00.003000+00:00,-9.004e-05
2026-03-23 16:00:00.002000+00:00,-0.0001102
2026-03-24 00:00:00+00:00,3.993e-05
2026-03-24 08:00:00+00:00,-6.03e-06
2026-03-24 16:00:00.003000+00:00,2.684e-05
2026-03-25 00:00:00+00:00,9.375e-05
2026-03-25 08:00:00+00:00,0.0001
2026-03-25 16:00:00.013000+00:00,3.308e-05
2026-03-26 00:00:00.001000+00:00,1.344e-05
2026-03-26 08:00:00.001000+00:00,6.173e-05
2026-03-26 16:00:00+00:00,-0.00011832
2026-03-27 00:00:00.006000+00:00,-9.668e-05
2026-03-27 08:00:00+00:00,-6.657e-05
2026-03-27 16:00:00+00:00,-8.942e-05
2026-03-28 00:00:00.005000+00:00,-8.843e-05
2026-03-28 08:00:00.005000+00:00,-7.416e-05
2026-03-28 16:00:00+00:00,1.462e-05
2026-03-29 00:00:00.003000+00:00,2.474e-05
2026-03-29 08:00:00.001000+00:00,1.203e-05
2026-03-29 16:00:00+00:00,6.099e-05
2026-03-30 00:00:00+00:00,1.214e-05
2026-03-30 08:00:00.005000+00:00,-1.077e-05
2026-03-30 16:00:00+00:00,0.0001
2026-03-31 00:00:00+00:00,5.607e-05
2026-03-31 08:00:00+00:00,-6.43e-06
2026-03-31 16:00:00+00:00,4.946e-05
2026-04-01 00:00:00+00:00,6.113e-05
2026-04-01 08:00:00+00:00,-2.52e-06
2026-04-01 16:00:00+00:00,-2.674e-05
2026-04-02 00:00:00.003000+00:00,-0.00040458
2026-04-02 08:00:00.001000+00:00,-8.753e-05
2026-04-02 16:00:00.001000+00:00,3.055e-05
2026-04-03 00:00:00+00:00,-8.08e-06
2026-04-03 08:00:00.008000+00:00,-1.05e-05
2026-04-03 16:00:00.008000+00:00,-5.23e-05
2026-04-04 00:00:00+00:00,-0.00014739
2026-04-04 08:00:00.003000+00:00,-0.00019722
2026-04-04 16:00:00+00:00,5.078e-05
2026-04-05 00:00:00.008000+00:00,5.494e-05
2026-04-05 08:00:00+00:00,5.651e-05
2026-04-05 16:00:00.001000+00:00,-0.00014965
2026-04-06 00:00:00.004000+00:00,-0.00019537
2026-04-06 08:00:00.001000+00:00,9.322e-05
2026-04-06 16:00:00.003000+00:00,1.992e-05
2026-04-07 00:00:00+00:00,-8.417e-05
2026-04-07 08:00:00+00:00,-0.00015144
2026-04-07 16:00:00+00:00,-0.00015729
2026-04-08 00:00:00+00:00,-0.00060426
2026-04-08 08:00:00+00:00,-0.00043195
2026-04-08 16:00:00.006000+00:00,-0.00059954
2026-04-09 00:00:00+00:00,-0.00024633
2026-04-09 08:00:00.010000+00:00,-0.00011248
2026-04-09 16:00:00.001000+00:00,5.751e-05
2026-04-10 00:00:00+00:00,-0.00019919
2026-04-10 08:00:00.005000+00:00,-0.00023678
2026-04-10 16:00:00+00:00,-0.00045847
2026-04-11 00:00:00+00:00,-6.238e-05
2026-04-11 08:00:00+00:00,-0.00014195
2026-04-11 16:00:00.003000+00:00,-6.039e-05
2026-04-12 00:00:00+00:00,-0.00011784
2026-04-12 08:00:00+00:00,6.739e-05
2026-04-12 16:00:00+00:00,0.0001
2026-04-13 00:00:00.011000+00:00,0.0001
2026-04-13 08:00:00.006000+00:00,0.0001
2026-04-13 16:00:00+00:00,0.0001
2026-04-14 00:00:00.005000+00:00,0.0001
2026-04-14 08:00:00.003000+00:00,2.621e-05
2026-04-14 16:00:00.001000+00:00,-1.112e-05
2026-04-15 00:00:00+00:00,4.856e-05
2026-04-15 08:00:00+00:00,0.0001
2026-04-15 16:00:00+00:00,0.0001
2026-04-16 00:00:00.013000+00:00,-3.647e-05
2026-04-16 08:00:00+00:00,0.0001
2026-04-16 16:00:00+00:00,7.003e-05
2026-04-17 00:00:00.001000+00:00,8.866e-05
2026-04-17 08:00:00.011000+00:00,9.162e-05
2026-04-17 16:00:00.001000+00:00,7.732e-05
2026-04-18 00:00:00.001000+00:00,-0.00010725
2026-04-18 08:00:00.006000+00:00,-4.17e-06
2026-04-18 16:00:00+00:00,6.292e-05
2026-04-19 00:00:00.002000+00:00,2.87e-05
2026-04-19 08:00:00.010000+00:00,0.0001
2026-04-19 16:00:00.001000+00:00,-7.951e-05
2026-04-20 00:00:00+00:00,6.118e-05
2026-04-20 08:00:00+00:00,7.862e-05
2026-04-20 16:00:00.001000+00:00,2.603e-05
2026-04-21 00:00:00+00:00,5.934e-05
2026-04-21 08:00:00.004000+00:00,2.631e-05
2026-04-21 16:00:00.004000+00:00,-5.987e-05
2026-04-22 00:00:00.004000+00:00,4.638e-05
2026-04-22 08:00:00+00:00,-9.708e-05
2026-04-22 16:00:00+00:00,-0.00014825
2026-04-23 00:00:00+00:00,-5.39e-05
2026-04-23 08:00:00+00:00,-8.292e-05
2026-04-23 16:00:00.004000+00:00,2.219e-05
2026-04-24 00:00:00.006000+00:00,1.78e-06
2026-04-24 08:00:00+00:00,3.798e-05
2026-04-24 16:00:00+00:00,0.0001
2026-04-25 00:00:00+00:00,-9.36e-06
2026-04-25 08:00:00.002000+00:00,8.085e-05
2026-04-25 16:00:00.002000+00:00,-4.131e-05
2026-04-26 00:00:00.003000+00:00,3.739e-05
2026-04-26 08:00:00.007000+00:00,-2.532e-05
2026-04-26 16:00:00.004000+00:00,-5.49e-06
2026-04-27 00:00:00.004000+00:00,-8.015e-05
2026-04-27 08:00:00+00:00,-3.391e-05
2026-04-27 16:00:00.002000+00:00,4.305e-05
2026-04-28 00:00:00.001000+00:00,0.0001
2026-04-28 08:00:00+00:00,8.756e-05
2026-04-28 16:00:00.004000+00:00,4.056e-05
2026-04-29 00:00:00.006000+00:00,-9.51e-06
2026-04-29 08:00:00.011000+00:00,-3.25e-06
2026-04-29 16:00:00.003000+00:00,7.8e-05
2026-04-30 00:00:00.002000+00:00,7.692e-05
2026-04-30 08:00:00+00:00,1.756e-05
2026-04-30 16:00:00+00:00,7.054e-05
2026-05-01 00:00:00+00:00,9.52e-05
2026-05-01 08:00:00.005000+00:00,2.64e-05
2026-05-01 16:00:00+00:00,-2.472e-05
2026-05-02 00:00:00.006000+00:00,8.319e-05
2026-05-02 08:00:00+00:00,1.524e-05
2026-05-02 16:00:00.010000+00:00,-1.176e-05
2026-05-03 00:00:00.005000+00:00,-0.00015463
2026-05-03 08:00:00.003000+00:00,-5.805e-05
2026-05-03 16:00:00+00:00,-1.456e-05
2026-05-04 00:00:00+00:00,-0.00028333
2026-05-04 08:00:00+00:00,-0.0001009
2026-05-04 16:00:00.003000+00:00,0.0001
2026-05-05 00:00:00+00:00,0.0001
2026-05-05 08:00:00.011000+00:00,-8.49e-05
2026-05-05 16:00:00+00:00,-0.00019851
2026-05-06 00:00:00.010000+00:00,0.0001
2026-05-06 08:00:00+00:00,0.0001
2026-05-06 16:00:00.002000+00:00,-4.76e-06
2026-05-07 00:00:00+00:00,0.0001
2026-05-07 08:00:00+00:00,0.0001
2026-05-07 16:00:00.004000+00:00,4.27e-05
2026-05-08 00:00:00.003000+00:00,6.994e-05
2026-05-08 08:00:00.002000+00:00,5.457e-05
2026-05-08 16:00:00.003000+00:00,3.48e-05
2026-05-09 00:00:00+00:00,-5.559e-05
2026-05-09 08:00:00.001000+00:00,0.0001
2026-05-09 16:00:00.002000+00:00,2.842e-05
2026-05-10 00:00:00.003000+00:00,-5.091e-05
2026-05-10 08:00:00+00:00,1.831e-05
2026-05-10 16:00:00+00:00,4.125e-05
2026-05-11 00:00:00+00:00,0.0001
2026-05-11 08:00:00+00:00,0.0001
2026-05-11 16:00:00+00:00,0.0001
2026-05-12 00:00:00.002000+00:00,4.269e-05
2026-05-12 08:00:00.008000+00:00,4.685e-05
2026-05-12 16:00:00+00:00,9.669e-05
2026-05-13 00:00:00.010000+00:00,2.038e-05
2026-05-13 08:00:00.003000+00:00,-3.21e-06
2026-05-13 16:00:00.001000+00:00,7.914e-05
2026-05-14 00:00:00.005000+00:00,0.0001
2026-05-14 08:00:00+00:00,6.303e-05
2026-05-14 16:00:00+00:00,-8.43e-06
2026-05-15 00:00:00+00:00,-8.967e-05
2026-05-15 08:00:00.016000+00:00,1.755e-05
2026-05-15 16:00:00.012000+00:00,1.505e-05
2026-05-16 00:00:00.005000+00:00,8.782e-05
2026-05-16 08:00:00+00:00,6.257e-05
2026-05-16 16:00:00.005000+00:00,-1.141e-05
2026-05-17 00:00:00+00:00,2.308e-05
2026-05-17 08:00:00.010000+00:00,4.399e-05
2026-05-17 16:00:00.009000+00:00,-3.254e-05
2026-05-18 00:00:00.007000+00:00,-2.425e-05
2026-05-18 08:00:00.002000+00:00,4.922e-05
2026-05-18 16:00:00.007000+00:00,8.4e-07
2026-05-19 00:00:00.001000+00:00,-1.27e-05
2026-05-19 08:00:00.001000+00:00,3.023e-05
2026-05-19 16:00:00.009000+00:00,1.036e-05
2026-05-20 00:00:00.001000+00:00,-0.00021447
2026-05-20 08:00:00.006000+00:00,-0.00015359
2026-05-20 16:00:00+00:00,-8.811e-05
2026-05-21 00:00:00.001000+00:00,-0.00051705
2026-05-21 08:00:00+00:00,-0.00023099
2026-05-21 16:00:00+00:00,-0.00019542
2026-05-22 00:00:00+00:00,-0.00028536
2026-05-22 08:00:00.004000+00:00,-0.00027244
2026-05-22 16:00:00.001000+00:00,6.04e-05
2026-05-23 00:00:00.009000+00:00,-3.778e-05
2026-05-23 08:00:00.001000+00:00,-9.71e-05
2026-05-23 16:00:00.003000+00:00,-1.644e-05
2026-05-24 00:00:00.011000+00:00,-8.924e-05
2026-05-24 08:00:00.008000+00:00,-0.00010899
2026-05-24 16:00:00+00:00,-0.00010607
2026-05-25 00:00:00.001000+00:00,3.7e-07
2026-05-25 08:00:00.001000+00:00,-1.905e-05
2026-05-25 16:00:00.001000+00:00,-1.082e-05
2026-05-26 00:00:00+00:00,-6.607e-05
2026-05-26 08:00:00.003000+00:00,0.0001
2026-05-26 16:00:00+00:00,3.431e-05
2026-05-27 00:00:00+00:00,3.482e-05
2026-05-27 08:00:00.004000+00:00,0.0001
2026-05-27 16:00:00.009000+00:00,-1.088e-05
2026-05-28 00:00:00.001000+00:00,0.0001
2026-05-28 08:00:00+00:00,4.706e-05
2026-05-28 16:00:00.001000+00:00,5.295e-05
2026-05-29 00:00:00+00:00,-7.731e-05
2026-05-29 08:00:00.001000+00:00,9.527e-05
2026-05-29 16:00:00.008000+00:00,4.348e-05
2026-05-30 00:00:00+00:00,-3.014e-05
2026-05-30 08:00:00.001000+00:00,-2.899e-05
2026-05-30 16:00:00+00:00,-2.869e-05
2026-05-31 00:00:00+00:00,-7.275e-05
2026-05-31 08:00:00+00:00,-0.00016071
2026-05-31 16:00:00.004000+00:00,-0.00010557
2026-06-01 00:00:00.001000+00:00,-4.558e-05
2026-06-01 08:00:00.001000+00:00,-0.00022397
2026-06-01 16:00:00+00:00,2.21e-05
2026-06-02 00:00:00+00:00,8.383e-05
2026-06-02 08:00:00+00:00,-0.00021057
2026-06-02 16:00:00+00:00,9.711e-05
2026-06-03 00:00:00.013000+00:00,1.881e-05
2026-06-03 08:00:00+00:00,6.072e-05
2026-06-03 16:00:00.001000+00:00,6.995e-05
2026-06-04 00:00:00.009000+00:00,-0.00041464
2026-06-04 08:00:00+00:00,-0.00011186
2026-06-04 16:00:00.003000+00:00,-0.00051579
2026-06-05 00:00:00+00:00,6.657e-05
2026-06-05 08:00:00.004000+00:00,0.0001
2026-06-05 16:00:00.009000+00:00,0.0001
2026-06-06 00:00:00+00:00,-0.00109748
2026-06-06 08:00:00+00:00,-0.00063061
2026-06-06 16:00:00+00:00,-0.00047904
2026-06-07 00:00:00.001000+00:00,-0.00037919
2026-06-07 08:00:00+00:00,-0.00051041
2026-06-07 16:00:00+00:00,-0.00076918
2026-06-08 00:00:00+00:00,-0.00105162
2026-06-08 08:00:00.005000+00:00,-0.00089589
2026-06-08 16:00:00.004000+00:00,-0.00078956
2026-06-09 00:00:00+00:00,-0.00086734
2026-06-09 08:00:00+00:00,-0.00074346
2026-06-09 16:00:00.001000+00:00,-0.00099291
2026-06-10 00:00:00.001000+00:00,-0.00048949
2026-06-10 08:00:00.011000+00:00,-0.00077843
2026-06-10 16:00:00.009000+00:00,-0.00058434
2026-06-11 00:00:00+00:00,-0.00041066
2026-06-11 08:00:00.004000+00:00,-0.00063199
2026-06-11 16:00:00+00:00,-0.00035918
2026-06-12 00:00:00+00:00,-0.00011731
2026-06-12 08:00:00+00:00,-0.00024486
2026-06-12 16:00:00+00:00,-1.381e-05
2026-06-13 00:00:00+00:00,-0.00031521
2026-06-13 08:00:00.007000+00:00,-9.013e-05
2026-06-13 16:00:00.002000+00:00,-1.876e-05
2026-06-14 00:00:00.005000+00:00,-0.00019989
2026-06-14 08:00:00.009000+00:00,-0.0001069
2026-06-14 16:00:00+00:00,-0.00024923
2026-06-15 00:00:00.013000+00:00,4.211e-05
2026-06-15 08:00:00.013000+00:00,3.56e-05
2026-06-15 16:00:00.004000+00:00,-4.62e-06
2026-06-16 00:00:00+00:00,0.0001
2026-06-16 08:00:00+00:00,-0.00010007
2026-06-16 16:00:00.001000+00:00,1.775e-05
2026-06-17 00:00:00.012000+00:00,8.408e-05
2026-06-17 08:00:00+00:00,4.327e-05
2026-06-17 16:00:00+00:00,-0.00027766
2026-06-18 00:00:00.002000+00:00,-0.00019052
2026-06-18 08:00:00+00:00,-0.00026666
2026-06-18 16:00:00.001000+00:00,-0.00012555
2026-06-19 00:00:00.005000+00:00,-0.00011743
2026-06-19 08:00:00.001000+00:00,-0.00012338
2026-06-19 16:00:00.001000+00:00,-0.00028683
2026-06-20 00:00:00.001000+00:00,-0.00024207
2026-06-20 08:00:00+00:00,-0.0003479
2026-06-20 16:00:00.001000+00:00,-0.00030544
2026-06-21 00:00:00+00:00,-0.00040063
2026-06-21 08:00:00+00:00,-0.00036959
2026-06-21 16:00:00+00:00,-0.00025477
2026-06-22 00:00:00+00:00,-0.00042999
2026-06-22 08:00:00+00:00,-0.00043142
2026-06-22 16:00:00.002000+00:00,-0.00031451
2026-06-23 00:00:00.003000+00:00,2.41e-06
2026-06-23 08:00:00.005000+00:00,-0.00011868
2026-06-23 16:00:00.002000+00:00,-0.00011761
2026-06-24 00:00:00.005000+00:00,-3.97e-05
2026-06-24 08:00:00.005000+00:00,-7.307e-05
2026-06-24 16:00:00.003000+00:00,-4.473e-05
2026-06-25 00:00:00+00:00,4.003e-05
2026-06-25 08:00:00+00:00,7.095e-05
2026-06-25 16:00:00+00:00,4.974e-05
2026-06-26 00:00:00.010000+00:00,0.0001
2026-06-26 08:00:00.002000+00:00,0.0001
2026-06-26 16:00:00+00:00,7.4e-05
2026-06-27 00:00:00+00:00,0.0001
2026-06-27 08:00:00+00:00,0.0001
2026-06-27 16:00:00.009000+00:00,0.0001
2026-06-28 00:00:00+00:00,4.187e-05
2026-06-28 08:00:00.013000+00:00,3.41e-05
2026-06-28 16:00:00+00:00,4.692e-05
2026-06-29 00:00:00.006000+00:00,8.452e-05
2026-06-29 08:00:00.013000+00:00,5.473e-05
2026-06-29 16:00:00.004000+00:00,0.0001
2026-06-30 00:00:00+00:00,0.0001
2026-06-30 08:00:00+00:00,3.09e-05
2026-06-30 16:00:00.005000+00:00,5.37e-05
2026-07-01 00:00:00+00:00,7.328e-05
2026-07-01 08:00:00+00:00,0.0001
2026-07-01 16:00:00+00:00,-4.663e-05
2026-07-02 00:00:00+00:00,-2.277e-05
2026-07-02 08:00:00+00:00,-1.215e-05
2026-07-02 16:00:00+00:00,5.745e-05
2026-07-03 00:00:00+00:00,-6.81e-06
2026-07-03 08:00:00.007000+00:00,0.0001
2026-07-03 16:00:00+00:00,0.0001
2026-07-04 00:00:00+00:00,0.0001
2026-07-04 08:00:00+00:00,0.0001
2026-07-04 16:00:00.007000+00:00,0.0001
2026-07-05 00:00:00.003000+00:00,0.0001
2026-07-05 08:00:00.001000+00:00,0.0001
2026-07-05 16:00:00+00:00,0.0001
2026-07-06 00:00:00+00:00,0.0001
2026-07-06 08:00:00+00:00,0.0001
2026-07-06 16:00:00+00:00,0.0001
2026-07-07 00:00:00+00:00,0.0001
2026-07-07 08:00:00+00:00,0.0001
2026-07-07 16:00:00+00:00,0.0001
2026-07-08 00:00:00+00:00,0.0001
2026-07-08 08:00:00+00:00,0.0001
2026-07-08 16:00:00+00:00,7.528e-05
2026-07-09 00:00:00+00:00,5.423e-05
2026-07-09 08:00:00.001000+00:00,4.187e-05
2026-07-09 16:00:00.001000+00:00,3.43e-05
2026-07-10 00:00:00+00:00,0.0001
2026-07-10 08:00:00.005000+00:00,0.0001
2026-07-10 16:00:00.005000+00:00,9.22e-05
2026-07-11 00:00:00+00:00,0.0001
2026-07-11 08:00:00+00:00,0.0001
2026-07-11 16:00:00+00:00,0.0001
2026-07-12 00:00:00+00:00,0.0001
2026-07-12 08:00:00.003000+00:00,7.687e-05
2026-07-12 16:00:00+00:00,8.99e-05
2026-07-13 00:00:00+00:00,5.056e-05
2026-07-13 08:00:00.001000+00:00,-4.774e-05
2026-07-13 16:00:00.004000+00:00,7.143e-05
2026-07-14 00:00:00+00:00,3.901e-05
2026-07-14 08:00:00.002000+00:00,-7.971e-05
2026-07-14 16:00:00.001000+00:00,5.509e-05
2026-07-15 00:00:00.005000+00:00,0.0001
2026-07-15 08:00:00.002000+00:00,7.473e-05
2026-07-15 16:00:00+00:00,-1.2e-07
2026-07-16 00:00:00+00:00,7.739e-05
2026-07-16 08:00:00.003000+00:00,7.351e-05
2026-07-16 16:00:00.002000+00:00,6.356e-05
2026-07-17 00:00:00+00:00,0.0001
2026-07-17 08:00:00.010000+00:00,0.0001
2026-07-17 16:00:00.004000+00:00,0.0001
2026-07-18 00:00:00+00:00,3.491e-05
2026-07-18 08:00:00+00:00,7.419e-05
2026-07-18 16:00:00.001000+00:00,6.653e-05
2026-07-19 00:00:00.003000+00:00,4.716e-05
2026-07-19 08:00:00+00:00,2.234e-05
2026-07-19 16:00:00.001000+00:00,-5.867e-05
2026-07-20 00:00:00+00:00,7.048e-05
2026-07-20 08:00:00.001000+00:00,2.184e-05
2026-07-20 16:00:00.004000+00:00,-1.126e-05
2026-07-21 00:00:00.001000+00:00,0.0001
2026-07-21 08:00:00+00:00,7.315e-05
2026-07-21 16:00:00.002000+00:00,-2.306e-05
2026-07-22 00:00:00+00:00,7.054e-05
2026-07-22 08:00:00+00:00,8.224e-05
2026-07-22 16:00:00.001000+00:00,6.148e-05
2026-07-23 00:00:00+00:00,9.51e-05
2026-07-23 08:00:00+00:00,0.0001
2026-07-23 16:00:00+00:00,0.0001
2026-07-24 00:00:00+00:00,3.52e-05
2026-07-24 08:00:00+00:00,4.7e-05
2026-07-24 16:00:00.008000+00:00,6.918e-05
2026-07-25 00:00:00.002000+00:00,4.865e-05
2026-07-25 08:00:00+00:00,5.717e-05
2026-07-25 16:00:00+00:00,3.582e-05
2026-07-26 00:00:00+00:00,-1.942e-05
2026-07-26 08:00:00.002000+00:00,-6.66e-06
2026-07-26 16:00:00+00:00,-2.748e-05
2026-07-27 00:00:00.010000+00:00,-1.894e-05
2026-07-27 08:00:00+00:00,0.0001
2026-07-27 16:00:00.001000+00:00,2.319e-05
2026-07-28 00:00:00+00:00,5.34e-06
2026-07-28 08:00:00+00:00,7.24e-05
2026-07-28 16:00:00+00:00,3.576e-05
2026-07-29 00:00:00+00:00,6.733e-05
2026-07-29 08:00:00.002000+00:00,8.494e-05
2026-07-29 16:00:00+00:00,7.714e-05
2026-07-30 00:00:00+00:00,3.303e-05
2026-07-30 08:00:00+00:00,-8.959e-05
2026-07-30 16:00:00+00:00,-7.855e-05
2026-07-31 00:00:00.003000+00:00,9.538e-05
2026-07-31 08:00:00+00:00,9.288e-05
2026-07-31 16:00:00+00:00,0.0001
2026-08-01 00:00:00.001000+00:00,0.0001
2026-08-01 08:00:00+00:00,0.0001
2026-08-01 16:00:00+00:00,0.0001
2026-08-02 00:00:00+00:00,0.0001
2026-08-02 08:00:00+00:00,0.0001
2026-08-02 16:00:00+00:00,0.0001
2026-08-03 00:00:00+00:00,0.0001
2026-08-03 08:00:00+00:00,0.0001
2026-08-03 16:00:00+00:00,0.0001
2026-08-04 00:00:00.004000+00:00,8.188e-05
2026-08-04 08:00:00.002000+00:00,7.991e-05
2026-08-04 16:00:00+00:00,8.177e-05
2026-08-05 00:00:00.003000+00:00,0.0001
2026-08-05 08:00:00.004000+00:00,-1.168e-05
2026-08-05 16:00:00+00:00,-1.162e-05
2026-08-06 00:00:00.002000+00:00,5.249e-05
2026-08-06 08:00:00+00:00,4.064e-05
2026-08-06 16:00:00+00:00,4.427e-05
2026-08-07 00:00:00+00:00,-9.39e-06
2026-08-07 08:00:00+00:00,8.398e-05
2026-08-07 16:00:00+00:00,7.17e-05
2026-08-08 00:00:00.001000+00:00,5.556e-05
2026-08-08 08:00:00+00:00,7.597e-05
2026-08-08 16:00:00.002000+00:00,5.444e-05
2026-08-09 00:00:00+00:00,0.0001
2026-08-09 08:00:00.005000+00:00,0.0001
2026-08-09 16:00:00+00:00,0.0001
2026-08-10 00:00:00.001000+00:00,5.555e-05
2026-08-10 08:00:00.005000+00:00,5.24e-05
2026-08-10 16:00:00+00:00,1.9e-07
2026-08-11 00:00:00+00:00,4.39e-06
2026-08-11 08:00:00.006000+00:00,0.0001
2026-08-11 16:00:00+00:00,0.0001
2026-08-12 00:00:00.001000+00:00,2.541e-05
2026-08-12 08:00:00+00:00,1.26e-05
2026-08-12 16:00:00+00:00,5.16e-06
2026-08-13 00:00:00+00:00,7.389e-05
2026-08-13 08:00:00+00:00,7.499e-05
2026-08-13 16:00:00+00:00,9.39e-06
2026-08-14 00:00:00+00:00,7.531e-05
2026-08-14 08:00:00.001000+00:00,6.997e-05
2026-08-14 16:00:00.001000+00:00,7.014e-05
2026-08-15 00:00:00.003000+00:00,8.483e-05
2026-08-15 08:00:00.002000+00:00,0.0001
2026-08-15 16:00:00+00:00,8.699e-05
2026-08-16 00:00:00+00:00,0.0001
2026-08-16 08:00:00.002000+00:00,6.5e-07
2026-08-16 16:00:00+00:00,0.0001
2026-08-17 00:00:00.001000+00:00,0.0001
2026-08-17 08:00:00.003000+00:00,0.0001
2026-08-17 16:00:00.005000+00:00,0.0001
2026-08-18 00:00:00.006000+00:00,0.0001
2026-08-18 08:00:00.001000+00:00,5.546e-05
2026-08-18 16:00:00.003000+00:00,5.341e-05
2026-08-19 00:00:00+00:00,2.981e-05
2026-08-19 08:00:00+00:00,-3.498e-05
2026-08-19 16:00:00.004000+00:00,2.891e-05
2026-08-20 00:00:00.001000+00:00,0.0001
2026-08-20 08:00:00+00:00,0.0001
2026-08-20 16:00:00.005000+00:00,1.393e-05
2026-08-21 00:00:00.004000+00:00,0.0001
2026-08-21 08:00:00+00:00,0.0001
2026-08-21 16:00:00.001000+00:00,0.0001
2026-08-22 00:00:00+00:00,0.0001
2026-08-22 08:00:00+00:00,0.00010635
2026-08-22 16:00:00+00:00,0.0001
2026-08-23 00:00:00+00:00,0.0001
2026-08-23 08:00:00+00:00,0.0001
2026-08-23 16:00:00.006000+00:00,0.0001
2026-08-24 00:00:00.001000+00:00,0.0001
2026-08-24 08:00:00.002000+00:00,0.0001
2026-08-24 16:00:00+00:00,0.0001
2026-08-25 00:00:00.001000+00:00,0.0001
2026-08-25 08:00:00+00:00,0.0001
2026-08-25 16:00:00.005000+00:00,0.0001
2026-08-26 00:00:00+00:00,0.0001
2026-08-26 08:00:00.005000+00:00,0.0001
2026-08-26 16:00:00+00:00,0.0001
2026-08-27 00:00:00+00:00,0.0001
2026-08-27 08:00:00+00:00,0.0001
2026-08-27 16:00:00.013000+00:00,0.0001
2026-08-28 00:00:00.026000+00:00,6.99e-05
2026-08-28 08:00:00+00:00,4.59e-06
2026-08-28 16:00:00.001000+00:00,7.972e-05
2026-08-29 00:00:00+00:00,0.0001
2026-08-29 08:00:00+00:00,0.0001
2026-08-29 16:00:00.002000+00:00,0.0001
2026-08-30 00:00:00+00:00,0.0001
2026-08-30 08:00:00+00:00,0.0001
2026-08-30 16:00:00.001000+00:00,5.915e-05
2026-08-31 00:00:00.002000+00:00,4.872e-05
2026-08-31 08:00:00.002000+00:00,-1.353e-05
2026-08-31 16:00:00.001000+00:00,-2.93e-06
